0,1000000000001,174,17F,NH010,20150805,MITCHEL,BIENVENUE,19870723
1,1000000000002,156,25B,NH010,20150805,CLEMENTE,VENTRE,19790710
2,1000000000003,247,1E,NH010,20150805,HENRY,ELLIOTT,19920318
3,1000000000004,209,10D,NH010,20150805,CHARLEY,BUZZARD,19860313
4,1000000000005,253,20B,NH010,20150805,ASUNCION,WEYMAN,19720927
5,1000000000006,153,19B,NH010,20150805,RAFAEL,BRODSKY,19721026
6,1000000000007,175,27C,NH010,20150805,JACOB,SUMSTAD,19900913
7,1000000000008,221,6B,NH010,20150802,DARREN,EVJEN,19780323
8,1000000000009,207,25F,NH010,20150802,ARDEN,HESSMAN,19730106
9,1000000000010,254,11F,NH010,20150802,WALTON,DEMALLIE,19971026
10,1000000000011,114,20B,NH010,20150802,TEDDY,BERGET,19830625
11,1000000000012,293,3C,NH010,20150802,IVONNE,JANKOFF,19940215
12,1000000000013,190,23D,NH010,20150802,GUADALUPE,PIAN,19990227
13,1000000000014,247,29B,NH010,20150802,HILDEGARD,MOTTEN,19941124
14,1000000000015,185,27E,NH010,20150802,JIMMY,LINKO,19830705
15,1000000000016,254,15C,NH009,20150801,ASUNCION,WEYMAN,19720927
16,1000000000017,287,26C,NH009,20150801,LESLIE,KUTCH,19840221
17,1000000000018,186,9C,NH009,20150801,GERALD,GARRIGUS,19900113
18,1000000000019,104,23D,NH009,20150801,FREDRICKA,GROSMAN,19730217
19,1000000000020,177,7A,NH009,20150801,HELAINE,CAVIN,19760520
20,1000000000021,205,9E,NH009,20150801,EVON,NAJARRO,19940312
21,1000000000022,143,26B,NH009,20150801,TRUDI,TALLARICO,19780424
22,1000000000023,164,25D,NH009,20150801,ROSENDO,DOBROWOLSKI,19940321
23,1000000000024,237,30B,NH009,20150802,ARNOLDO,GEFFKEN,19750716
24,1000000000025,201,27D,NH009,20150802,CHAS,PRADER,19700608
25,1000000000026,212,19E,NH009,20150802,MIRNA,BELLANTUONO,19941017
26,1000000000027,214,28C,NH009,20150802,HORACE,MARRS,19941016
27,1000000000028,254,16A,NH009,20150802,SAUL,FRANCO,19800506
28,1000000000029,163,21F,NH009,20150802,HILDEGARD,MOTTEN,19941124
29,1000000000030,137,29A,NH009,20150802,KATINA,DIGIULIO,19911109
30,1000000000031,182,14F,NH009,20150802,GERALDO,ACHENBACH,19960104
31,1000000000032,224,17E,NH009,20150802,VERLENE,DEWATER,19790621
32,1000000000033,109,22B,NH009,20150802,CHET,WALTERMAN,19730306
33,1000000000034,196,11E,NH002,20150801,ELEONORE,WEIDA,19821014
34,1000000000035,213,1C,NH002,20150801,MIRNA,BELLANTUONO,19941017
35,1000000000036,124,18F,NH002,20150801,EVON,NAJARRO,19940312
36,1000000000037,274,25C,NH002,20150801,DWAIN,MIRABILE,19801013
37,1000000000038,221,13E,NH002,20150801,HENRY,ELLIOTT,19920318
38,1000000000039,269,7A,NH002,20150801,JORDON,KINCHEN,19740201
39,1000000000040,107,9A,NH002,20150801,MITCHEL,BIENVENUE,19870723
40,1000000000041,224,1D,NH002,20150801,WALTON,DEMALLIE,19971026
41,1000000000042,235,14D,NH002,20150801,GEORGE,HAYWARD,19800925
42,1000000000043,193,11C,NH002,20150801,CEDRIC,PARIZEK,19891020
43,1000000000044,142,28F,NH002,20150803,KIMBRA,SPERRY,19981223
44,1000000000045,168,14D,NH002,20150803,DELOIS,SPANGENBERG,19980527
45,1000000000046,180,11A,NH002,20150803,TY,FEUCHT,19750818
46,1000000000047,212,28B,NH002,20150803,MICHALE,QUERCIA,19921003
47,1000000000048,252,16C,NH002,20150803,BORIS,HALBRITTER,19810412
48,1000000000049,207,18B,NH002,20150803,CHAS,JENKENS,19810810
49,1000000000050,169,16D,NH002,20150803,INDIRA,DROCK,19841002
50,1000000000051,129,8A,NH002,20150803,GENE,MELLING,19820702
51,1000000000052,175,14F,NH001,20150802,HAYDEN,RAKESTROW,19900517
52,1000000000053,116,21A,NH001,20150802,GARLAND,ALMOS,19811108
53,1000000000054,208,9B,NH001,20150802,KIM,SAVIOLA,19800316
54,1000000000055,117,4E,NH001,20150802,CHAS,PRADER,19700608
55,1000000000056,292,25E,NH001,20150802,CORI,MENNING,19950601
56,1000000000057,264,22C,NH001,20150804,CORI,MENNING,19950601
57,1000000000058,144,28C,NH001,20150804,YUKO,SPRIGGLE,19991003
58,1000000000059,141,15A,NH001,20150804,OLA,RETZLER,19841015
59,1000000000060,283,26A,NH001,20150804,IVONNE,JANKOFF,19940215
60,1000000000061,151,13C,NH001,20150804,SHERYLL,TEMBY,19920318
61,1000000000062,142,23A,NH001,20150804,FLORENTINA,LILLIAN,19830701
62,1000000000063,219,5D,NH001,20150804,JIMMY,LINKO,19830705
63,1000000000064,175,14A,NH001,20150804,STACY,CIAMPANELLA,19760203
64,1000000000065,148,6E,CX890,20150801,PAIGE,MCKILLIPS,19870319
65,1000000000066,271,2A,CX890,20150801,SAUL,FRANCO,19800506
66,1000000000067,255,5A,CX890,20150801,WALTER,PROTANO,19920225
67,1000000000068,288,13D,CX890,20150801,JOVITA,PONTREMOLI,19730519
68,1000000000069,284,24B,CX890,20150801,JOSPEH,SOR,19920120
69,1000000000070,100,28B,CX890,20150801,CARMON,LOGES,19810706
70,1000000000071,178,8A,CX890,20150801,GRANT,ZIMBA,19981107
71,1000000000072,300,12C,CX890,20150801,LESLIE,KUTCH,19840221
72,1000000000073,170,2B,CX890,20150801,YUKO,SPRIGGLE,19991003
73,1000000000074,280,13E,CX890,20150801,SHERYLL,TEMBY,19920318
74,1000000000075,216,4E,CX890,20150805,SHAWANDA,VANALSTYNE,19750512
75,1000000000076,292,16B,CX890,20150805,JEFFEREY,PENN,19960911
76,1000000000077,253,10A,CX890,20150805,KARENA,PROBY,19730413
77,1000000000078,225,19C,CX890,20150805,ASUNCION,WEYMAN,19720927
78,1000000000079,169,13B,CX890,20150805,STERLING,NEWENLE,19900123
79,1000000000080,274,28C,CX890,20150805,PHYLICIA,URSIAK,19711022
80,1000000000081,174,3D,CX890,20150805,INDIRA,DROCK,19841002
81,1000000000082,283,1E,CX890,20150805,WALTER,PROTANO,19920225
82,1000000000083,248,8F,CX890,20150805,RASHAD,THAYN,19860420
83,1000000000084,249,2E,CX899,20150408,LELAND,EFLIN,19951127
84,1000000000085,126,4E,CX899,20150408,TYREE,KIEL,19780524
85,1000000000086,123,24E,CX899,20150408,SAMMIE,WHALLEY,19700125
86,1000000000087,241,7C,CX899,20150408,FATIMAH,NOKE,19880509
87,1000000000088,187,2F,CX899,20150408,JUAN,BENCK,19710818
88,1000000000089,117,19A,CX899,20150408,ORVILLE,BERNI,19841006
89,1000000000090,259,10E,CX899,20150408,ASUNCION,WEYMAN,19720927
90,1000000000091,139,19D,CX899,20150408,STUART,SCHARTE,19710807
91,1000000000092,274,3A,CX899,20150408,NICOLE,MAINELLO,19730701
92,1000000000093,122,4B,CX899,20150727,GARLAND,ALMOS,19811108
93,1000000000094,187,11A,CX899,20150727,JUAN,BENCK,19710818
94,1000000000095,120,6E,CX899,20150727,ALISIA,MARCIA,19980507
95,1000000000096,156,21D,CX899,20150727,SHAWANDA,VANALSTYNE,19750512
96,1000000000097,256,23C,CX899,20150727,MONTE,PALLAFOR,19941118
97,1000000000098,208,25E,CX899,20150727,TAWANNA,STIMSON,19720315
98,1000000000099,137,5D,CX899,20150727,SHELDON,SECKINGTON,19841223
99,1000000000100,274,29C,CX899,20150727,TRACEY,GULLIKSEN,19970702
100,1000000000101,139,27C,NH1006,20150518,HOLLIS,LAGERMAN,19740417
101,1000000000102,143,20D,NH1006,20150518,MACIE,BESENDORFER,19780219
102,1000000000103,146,23D,NH1006,20150518,OLA,RETZLER,19841015
103,1000000000104,300,27E,NH1006,20150518,JOVITA,PONTREMOLI,19730519
104,1000000000105,228,22C,NH1006,20150518,CHAS,JENKENS,19810810
105,1000000000106,210,4D,NH1006,20150318,ODIS,FEEKES,19850923
106,1000000000107,149,2C,NH1006,20150318,DARREN,EVJEN,19780323
107,1000000000108,233,30B,NH1006,20150318,SAMMIE,WHALLEY,19700125
108,1000000000109,144,27A,NH1006,20150318,ROXY,SHAWNEE,19870615
109,1000000000110,245,24C,NH1006,20150318,ELENE,SPINDLER,19931106
110,1000000000111,125,3B,NH1005,20150413,JACOB,SUMSTAD,19900913
111,1000000000112,235,25B,NH1005,20150413,PATRICIA,CLAUSE,19800901
112,1000000000113,147,11A,NH1005,20150413,JUAN,BENCK,19710818
113,1000000000114,217,14E,NH1005,20150413,FLORENTINA,LILLIAN,19830701
114,1000000000115,120,19C,NH1005,20150413,ALETHEA,SUMLER,19761006
115,1000000000116,166,24C,NH1005,20150413,ADRIEN,OATMAN,19801008
116,1000000000117,201,16D,NH1005,20150413,CHET,WALTERMAN,19730306
117,1000000000118,181,8D,NH1005,20150712,ADOLFO,RADOSLOVICH,20001210
118,1000000000119,125,23D,NH1005,20150712,JOESPH,HOSFELD,19850628
119,1000000000120,157,3E,NH1005,20150712,DWAIN,MIRABILE,19801013
120,1000000000121,283,3B,NH1005,20150712,ODIS,FEEKES,19850923
121,1000000000122,264,25A,NH1005,20150712,HOLLIS,CAUTHON,19901104
122,1000000000123,262,25B,NH1005,20150712,MARIA,HARTKOPF,19800310
123,1000000000124,187,2A,UA888,20150510,SHAWANDA,VANALSTYNE,19750512
124,1000000000125,251,30F,UA888,20150510,MITCHEL,BIENVENUE,19870723
125,1000000000126,125,27A,UA888,20150510,CLEORA,MULRAIN,19780419
126,1000000000127,233,5E,UA888,20150510,EVELIN,MCCAGUE,19761025
127,1000000000128,251,5D,UA888,20150510,FATIMAH,NOKE,19880509
128,1000000000129,115,22D,UA888,20150510,LARRY,ROMANELLI,19880117
129,1000000000130,296,2D,UA888,20150510,SOLOMON,BIGLEY,19791228
130,1000000000131,163,22A,UA888,20150510,JAYSON,TURYBURY,19920811
131,1000000000132,275,8C,UA888,20150327,CLEMENTE,VENTRE,19790710
132,1000000000133,195,23D,UA888,20150327,KAILA,PENWELL,19750218
133,1000000000134,246,19D,UA888,20150327,MARCOS,SCONCE,19890522
134,1000000000135,212,20B,UA888,20150327,MYRLE,MISTRY,19900501
135,1000000000136,293,19B,UA888,20150327,WILEY,GALENTINE,19900528
136,1000000000137,203,13D,UA888,20150327,JORDON,KINCHEN,19740201
137,1000000000138,275,2D,UA888,20150327,HELAINE,CAVIN,19760520
138,1000000000139,255,15F,UA888,20150327,TARYN,PUIATTI,19991102
139,1000000000140,271,5D,UA889,20150113,RORY,BATTENFIELD,19760724
140,1000000000141,187,24A,UA889,20150113,ROXY,SHAWNEE,19870615
141,1000000000142,295,21E,UA889,20150113,CLEO,KUBILUS,19770816
142,1000000000143,226,17E,UA889,20150113,TREENA,DICKENSHEETS,19760219
143,1000000000144,211,4A,UA889,20150113,SAMMY,FINDLEY,19840614
144,1000000000145,137,6D,UA889,20150113,JACQUELYN,STOCKHOLM,19741012
145,1000000000146,136,11A,UA889,20150113,JEANNINE,SIAPERAS,19740328
146,1000000000147,122,9E,UA889,20150113,JONATHON,FULVIO,19811119
147,1000000000148,273,10A,UA889,20150120,PATRICIA,CLAUSE,19800901
148,1000000000149,137,14F,UA889,20150120,CHESTER,LISHMAN,19890804
149,1000000000150,297,1C,UA889,20150120,TAWANNA,STIMSON,19720315
150,1000000000151,101,17B,UA889,20150120,HOLLIS,CAUTHON,19901104
151,1000000000152,279,27C,UA889,20150120,SHONDA,MAGID,19950215
152,1000000000153,122,8F,UA889,20150120,ARLEN,WIGGENS,19790519
153,1000000000154,132,14B,UA889,20150120,GERALDO,ACHENBACH,19960104
154,1000000000155,137,13B,UA889,20150120,MERRY,HENSLER,19990606
155,1000000000156,289,12A,UA889,20150120,OLA,RETZLER,19841015
156,1000000000157,185,1C,CA981,20141104,MACIE,BESENDORFER,19780219
157,1000000000158,181,19E,CA981,20141104,JACQUELYN,STOCKHOLM,19741012
158,1000000000159,235,22E,CA981,20141104,LELAND,EFLIN,19951127
159,1000000000160,254,7A,CA981,20141104,KATINA,DIGIULIO,19911109
160,1000000000161,211,3A,CA981,20141104,STACY,CIAMPANELLA,19760203
161,1000000000162,138,27C,CA981,20140325,GLEN,CAJIGAS,19761128
162,1000000000163,222,28F,CA981,20140325,TRUDI,TALLARICO,19780424
163,1000000000164,112,6E,CA981,20140325,HORACE,MARRS,19941016
164,1000000000165,267,29C,CA981,20140325,JUAN,BENCK,19710818
165,1000000000166,284,20F,CA981,20140325,DWAIN,MIRABILE,19801013
166,1000000000167,286,2B,CA981,20140325,DOROTHA,SOLOMON,19931001
167,1000000000168,229,25E,CA981,20140325,ALVA,QUARESMA,19781027
168,1000000000169,184,28A,CA981,20140325,DWAIN,AURELIA,19990305
169,1000000000170,263,6B,CA982,20140314,LEMUEL,NOWOSADKO,19850310
170,1000000000171,165,26A,CA982,20140314,TEDDY,BERGET,19830625
171,1000000000172,171,8F,CA982,20140314,BRENTON,WEISENSTEIN,19800313
172,1000000000173,209,5E,CA982,20140314,MONTE,PALLAFOR,19941118
173,1000000000174,159,14F,CA982,20140314,SHAWANDA,VANALSTYNE,19750512
174,1000000000175,104,19B,CA982,20140314,LAUREL,TREES,19960508
175,1000000000176,121,12E,CA982,20140314,FREDRICKA,GROSMAN,19730217
176,1000000000177,251,11F,CA982,20140314,SAMMY,FINDLEY,19840614
177,1000000000178,214,15E,CA982,20140314,ELEONORE,WEIDA,19821014
178,1000000000179,280,13A,CA982,20140314,PAIGE,MCKILLIPS,19870319
179,1000000000180,254,18C,CA982,20141013,TY,FEUCHT,19750818
180,1000000000181,135,15B,CA982,20141013,ARNOLDO,GEFFKEN,19750716
181,1000000000182,107,12A,CA982,20141013,TRUDI,TALLARICO,19780424
182,1000000000183,106,15A,CA982,20141013,NANCY,SCHLESSELMAN,19960715
183,1000000000184,261,2B,CA982,20141013,ELEONOR,STATER,19790601
184,1000000000185,157,17A,CA982,20141013,LYNWOOD,POLLACK,19720521
185,1000000000186,197,30B,CA982,20141013,HELAINE,CAVIN,19760520
186,1000000000187,236,14D,CA982,20141013,DOROTHA,SOLOMON,19931001
187,1000000000188,125,29D,MU587,20130926,ASUNCION,WEYMAN,19720927
188,1000000000189,168,19B,MU587,20130926,LES,LABOR,19910728
189,1000000000190,163,6C,MU587,20130926,IVONNE,JANKOFF,19940215
190,1000000000191,141,25F,MU587,20130926,HENRY,MALOVICH,19790805
191,1000000000192,233,10F,MU587,20130926,MARIA,HARTKOPF,19800310
192,1000000000193,249,8C,MU587,20130926,JEANNINE,SIAPERAS,19740328
193,1000000000194,158,16B,MU587,20130926,TRUDI,TALLARICO,19780424
194,1000000000195,219,17C,MU587,20130926,HOLLIS,LAGERMAN,19740417
195,1000000000196,223,3F,MU587,20130926,EZRA,BOULEY,19781227
196,1000000000197,288,17A,MU587,20140212,PEARLINE,BARDNEY,19880616
197,1000000000198,216,26A,MU587,20140212,HARRY,BENNETH,19870607
198,1000000000199,117,12A,MU587,20140212,FREDRICKA,GROSMAN,19730217
199,1000000000200,128,19E,MU587,20140212,KRYSTEN,TOBIN,19711008
200,1000000000201,192,18E,MU587,20140212,CARMON,LOGES,19810706
201,1000000000202,163,6F,MU587,20140212,MYRLE,MISTRY,19900501
202,1000000000203,137,12F,MU587,20140212,LARRY,ROMANELLI,19880117
203,1000000000204,253,16A,MU587,20140212,RASHAD,THAYN,19860420
204,1000000000205,218,5D,MU587,20140212,VERLENE,DEWATER,19790621
205,1000000000206,140,28D,MU587,20140212,JOVITA,PONTREMOLI,19730519
206,1000000000207,121,11A,MU588,20140714,GEORGE,HAYWARD,19800925
207,1000000000208,195,16A,MU588,20140714,TRUDI,TALLARICO,19780424
208,1000000000209,167,29B,MU588,20140714,MARC,LEVAY,19760313
209,1000000000210,255,28B,MU588,20140714,ELDA,HERRUD,19971218
210,1000000000211,264,27E,MU588,20140714,JESUS,DOMINICI,19800808
211,1000000000212,117,8C,MU588,20140714,EMIL,RANALLO,19910116
212,1000000000213,237,29C,MU588,20140714,RAFAEL,BRODSKY,19721026
213,1000000000214,243,1E,MU588,20140714,CHANTELL,MCCLURKAN,19801012
214,1000000000215,215,12B,MU588,20140714,FOREST,BESEMER,19890323
215,1000000000216,145,17F,MU589,20140703,DWAIN,AURELIA,19990305
216,1000000000217,293,19E,MU589,20140703,MICHALE,QUERCIA,19921003
217,1000000000218,275,22B,MU589,20140703,WENDELL,KIEKE,19900819
218,1000000000219,227,3D,MU589,20140703,HAYDEN,RAKESTROW,19900517
219,1000000000220,153,18F,MU589,20140703,STEPHAINE,AGUAS,19700202
220,1000000000221,187,21A,MU589,20140703,CARMON,LOGES,19810706
221,1000000000222,137,29A,MU589,20140703,JEANETTA,EHMANN,19980402
222,1000000000223,118,21E,MU589,20140703,MICHEL,THROCKMORTON,19830123
223,1000000000224,251,25C,MU589,20140703,MACIE,BESENDORFER,19780219
224,1000000000225,192,15F,CZ399,20130521,CHARLENE,CARPENITO,19860501
225,1000000000226,147,7D,CZ399,20130521,HORACE,MARRS,19941016
226,1000000000227,198,17A,CZ399,20130521,FATIMAH,NOKE,19880509
227,1000000000228,137,21B,CZ399,20130521,ELEONORE,WEIDA,19821014
228,1000000000229,255,14A,CZ399,20130521,TYREE,KIEL,19780524
229,1000000000230,201,30F,CZ399,20130521,KAILA,PENWELL,19750218
230,1000000000231,174,15E,CZ399,20130521,ROSAMOND,SUROWKA,19950509
231,1000000000232,207,2C,CZ399,20140706,SOLOMON,BIGLEY,19791228
232,1000000000233,101,23C,CZ399,20140706,JOEANN,NIEBEL,19790926
233,1000000000234,164,25F,CZ399,20140706,JIMMY,LINKO,19830705
234,1000000000235,164,18F,CZ399,20140706,CHARLEY,BUZZARD,19860313
235,1000000000236,241,20B,CZ399,20140706,HONG,FOISTER,19921115
236,1000000000237,172,8C,CZ300,20141208,INDIRA,DROCK,19841002
237,1000000000238,112,10E,CZ300,20141208,LESSIE,BEAKLEY,19910908
238,1000000000239,200,21D,CZ300,20141208,HOLLIS,CAUTHON,19901104
239,1000000000240,159,3D,CZ300,20141208,RUBIN,PRIMER,20000610
240,1000000000241,194,9E,CZ300,20141208,CHARLEY,BUZZARD,19860313
241,1000000000242,254,3E,CZ300,20141208,WALTER,PROTANO,19920225
242,1000000000243,183,15D,CZ300,20130617,LELAND,EFLIN,19951127
243,1000000000244,181,10F,CZ300,20130617,ANDRA,DICARO,19850323
244,1000000000245,114,19F,CZ300,20130617,WALTER,PROTANO,19920225
245,1000000000246,157,12B,CZ300,20130617,DARLEEN,HOELZEL,19970405
246,1000000000247,257,20F,CZ300,20130617,EMILIO,BALLATO,19730227
247,1000000000248,179,30C,CZ300,20130617,SARA,LYNCHARD,19800905
248,1000000000249,206,26D,CZ300,20130617,CHARLEY,BUZZARD,19860313
249,1000000000250,204,23A,CZ300,20130617,ELENE,SPINDLER,19931106
250,1000000000251,197,4A,CZ300,20130617,TAWANNA,STIMSON,19720315
251,1000000000252,125,21B,JL8,20140905,LARRY,ROMANELLI,19880117
252,1000000000253,270,21A,JL8,20140905,EZRA,BOULEY,19781227
253,1000000000254,241,24F,JL8,20140905,SANTIAGO,GUTTIEREZ,20000707
254,1000000000255,267,13F,JL8,20140905,JACQUELYN,STOCKHOLM,19741012
255,1000000000256,225,8E,JL8,20140905,ALVA,QUARESMA,19781027
256,1000000000257,284,3F,JL8,20140905,LISHA,SMYTHE,19750226
257,1000000000258,134,29A,JL8,20140905,PATRICIA,CLAUSE,19800901
258,1000000000259,221,6A,JL8,20140905,JACOB,SUMSTAD,19900913
259,1000000000260,198,18F,JL8,20130221,ANGELES,VANSTEENBERG,19820528
260,1000000000261,242,11B,JL8,20130221,LARRY,ROMANELLI,19880117
261,1000000000262,192,20D,JL8,20130221,STUART,SCHARTE,19710807
262,1000000000263,143,19D,JL8,20130221,GRANT,ZIMBA,19981107
263,1000000000264,109,16C,JL8,20130221,MARCOS,SCONCE,19890522
264,1000000000265,189,10A,JL8,20130221,SAMMY,FINDLEY,19840614
265,1000000000266,240,25E,JL8,20130221,JEFFEREY,PENN,19960911
266,1000000000267,204,26F,JL8,20130221,GENE,MELLING,19820702
267,1000000000268,140,13F,JL7,20140520,ADOLFO,RADOSLOVICH,20001210
268,1000000000269,197,16D,JL7,20140520,CHAS,PRADER,19700608
269,1000000000270,170,15E,JL7,20140520,MARIA,HARTKOPF,19800310
270,1000000000271,242,13B,JL7,20140520,JALISA,BOUTILIER,20001221
271,1000000000272,151,5C,JL7,20140520,TRACEY,GULLIKSEN,19970702
272,1000000000273,278,9E,JL7,20140520,KASHA,SAMANO,19710720
273,1000000000274,109,13E,JL7,20140520,XOCHITL,MOOREHOUSE,19760207
274,1000000000275,273,7B,JL7,20140520,EMIL,RANALLO,19910116
275,1000000000276,195,12C,JL7,20140520,EZRA,BOULEY,19781227
276,1000000000277,295,14E,JL7,20130705,HAYDEN,RAKESTROW,19900517
277,1000000000278,148,24E,JL7,20130705,THEO,FELICIANO,19900402
278,1000000000279,288,15C,JL7,20130705,DWAIN,MIRABILE,19801013
279,1000000000280,151,15E,JL7,20130705,KIM,KOEPPE,19980517
280,1000000000281,155,13B,JL7,20130705,ARNOLDO,GEFFKEN,19750716
281,1000000000282,157,16E,JL7,20130705,MICHEL,THROCKMORTON,19830123
282,1000000000283,128,3D,UA850,20130101,OPAL,STRYJEWSKI,20000716
283,1000000000284,227,26F,UA850,20130101,ROXY,SHAWNEE,19870615
284,1000000000285,271,21D,UA850,20130101,GLEN,CAJIGAS,19761128
285,1000000000286,212,10A,UA850,20130101,CLEORA,MULRAIN,19780419
286,1000000000287,250,16D,UA850,20130101,LESLIE,KUTCH,19840221
287,1000000000288,192,4A,UA850,20130101,STERLING,NEWENLE,19900123
288,1000000000289,172,10D,UA850,20140409,KATINA,DIGIULIO,19911109
289,1000000000290,269,3D,UA850,20140409,VI,HAZELIP,19880828
290,1000000000291,223,21D,UA850,20140409,LAKENYA,KOLBY,19760627
291,1000000000292,250,20D,UA850,20140409,FREDRICKA,GROSMAN,19730217
292,1000000000293,142,20F,UA850,20140409,OTELIA,GLOVER,19860714
293,1000000000294,171,9D,UA851,20140113,SANTIAGO,GUTTIEREZ,20000707
294,1000000000295,249,24F,UA851,20140113,MONTE,PALLAFOR,19941118
295,1000000000296,239,13A,UA851,20140113,JOEANN,NIEBEL,19790926
296,1000000000297,198,30B,UA851,20140113,CHARLEY,BUZZARD,19860313
297,1000000000298,138,12D,UA851,20140113,ARLEN,WIGGENS,19790519
298,1000000000299,219,27D,UA851,20140113,PATRICIA,CLAUSE,19800901
299,1000000000300,143,13F,UA851,20140113,ROSAMOND,SUROWKA,19950509
300,1000000000301,137,11C,UA851,20140601,CLEMENTE,VENTRE,19790710
301,1000000000302,299,30B,UA851,20140601,PHYLICIA,URSIAK,19711022
302,1000000000303,277,21D,UA851,20140601,JEANNINE,SIAPERAS,19740328
303,1000000000304,276,2D,UA851,20140601,HELAINE,CAVIN,19760520
304,1000000000305,135,29F,UA851,20140601,CHET,WALTERMAN,19730306
305,1000000000306,176,8B,UA851,20140601,JERLENE,IANNONE,19900616
306,1000000000307,241,6C,UA851,20140601,CHERRY,SHIRAKAWA,19780108
307,1000000000308,164,24B,UA851,20140601,WALTER,PROTANO,19920225
308,1000000000309,190,13D,AA186,20140125,THEO,FELICIANO,19900402
309,1000000000310,183,29B,AA186,20140125,ALFONSO,ATTRIDGE,19990626
310,1000000000311,136,2A,AA186,20140125,LAKENYA,KOLBY,19760627
311,1000000000312,171,30A,AA186,20140125,NICOLA,HITCHENS,19741011
312,1000000000313,118,14A,AA186,20140125,MARC,LEVAY,19760313
313,1000000000314,175,21F,AA186,20130106,FATIMAH,NOKE,19880509
314,1000000000315,264,6C,AA186,20130106,JOESPH,HOSFELD,19850628
315,1000000000316,281,28B,AA186,20130106,JORDON,KINCHEN,19740201
316,1000000000317,242,24E,AA186,20130106,TRUDI,TALLARICO,19780424
317,1000000000318,166,10E,AA186,20130106,SAMMY,FINDLEY,19840614
318,1000000000319,194,2D,AA186,20130106,VERLENE,DEWATER,19790621
319,1000000000320,143,21D,AA186,20130106,TEDDY,BERGET,19830625
320,1000000000321,141,25B,AA186,20130106,RUBIN,PRIMER,20000610
321,1000000000322,289,26A,AA817,20131221,PHYLICIA,URSIAK,19711022
322,1000000000323,251,4E,AA817,20131221,RAFAEL,BRODSKY,19721026
323,1000000000324,285,28C,AA817,20131221,KARENA,PROBY,19730413
324,1000000000325,268,28F,AA817,20131221,DWAIN,AURELIA,19990305
325,1000000000326,145,15F,AA817,20131221,HELAINE,CAVIN,19760520
326,1000000000327,124,12E,AA817,20131221,MICHALE,QUERCIA,19921003
327,1000000000328,160,11E,AA187,20140923,KIM,SAVIOLA,19800316
328,1000000000329,233,7E,AA187,20140923,DELOIS,SPANGENBERG,19980527
329,1000000000330,265,4B,AA187,20140923,GRANT,ZIMBA,19981107
330,1000000000331,177,13F,AA187,20140923,TREENA,DICKENSHEETS,19760219
331,1000000000332,273,16F,AA187,20140923,WENDELL,KIEKE,19900819
332,1000000000333,165,14B,AA187,20140923,LYNWOOD,POLLACK,19720521
333,1000000000334,161,8B,AA187,20140923,MACIE,BESENDORFER,19780219
334,1000000000335,199,17C,AA187,20140923,BUFFY,DORION,19971112
335,1000000000336,182,9D,AA187,20140923,ARLEN,WIGGENS,19790519
336,1000000000337,222,8A,AA187,20140923,KIMBRA,SPERRY,19981223
337,1000000000338,276,18C,DL128,20140308,MITCHEL,BIENVENUE,19870723
338,1000000000339,159,1A,DL128,20140308,RAFAEL,BRODSKY,19721026
339,1000000000340,210,12C,DL128,20140308,PAIGE,MCKILLIPS,19870319
340,1000000000341,132,12B,DL128,20140308,CLIFFORD,BENKO,19840316
341,1000000000342,125,13F,DL128,20140308,JON,TERBUSH,19710117
342,1000000000343,223,16C,DL128,20140308,MARIA,HARTKOPF,19800310
343,1000000000344,100,30E,DL128,20140308,JOESPH,HOSFELD,19850628
344,1000000000345,198,8C,DL128,20140308,EFREN,NEASON,19770426
345,1000000000346,122,27F,DL128,20140308,XOCHITL,MOOREHOUSE,19760207
346,1000000000347,105,17F,DL128,20140308,TREENA,DICKENSHEETS,19760219
347,1000000000348,241,1C,DL128,20131220,CHAS,PRADER,19700608
348,1000000000349,122,3F,DL128,20131220,EVELIN,MCCAGUE,19761025
349,1000000000350,153,30E,DL128,20131220,SANTIAGO,GUTTIEREZ,20000707
350,1000000000351,128,9D,DL128,20131220,WALTON,DEMALLIE,19971026
351,1000000000352,137,16F,DL128,20131220,WENDELL,KIEKE,19900819
352,1000000000353,290,26A,DL128,20131220,MICHALE,QUERCIA,19921003
353,1000000000354,195,22F,DL128,20131220,BRENTON,WEISENSTEIN,19800313
354,1000000000355,273,16D,DL128,20131220,SHONDA,MAGID,19950215
355,1000000000356,221,14D,DL128,20131220,ALETHEA,SUMLER,19761006
356,1000000000357,141,18B,DL129,20140420,FATIMAH,NOKE,19880509
357,1000000000358,149,12D,DL129,20140420,LISHA,SMYTHE,19750226
358,1000000000359,108,6F,DL129,20140420,TY,FEUCHT,19750818
359,1000000000360,125,28B,DL129,20140420,EFREN,NEASON,19770426
360,1000000000361,167,25B,DL129,20140420,TERRESA,SIU,19930623
361,1000000000362,230,26A,DL129,20140420,BUFFY,DORION,19971112
362,1000000000363,151,1C,DL129,20140420,JARRETT,FEW,19960706
363,1000000000364,295,7D,DL129,20140420,JAYSON,TURYBURY,19920811
364,1000000000365,235,26F,DL129,20140307,SANTIAGO,GUTTIEREZ,20000707
365,1000000000366,172,9C,DL129,20140307,STACY,CIAMPANELLA,19760203
366,1000000000367,226,3D,DL129,20140307,BUFFY,DORION,19971112
367,1000000000368,150,6D,DL129,20140307,ARLEN,WIGGENS,19790519
368,1000000000369,205,1F,DL129,20140307,ALFONSO,ATTRIDGE,19990626
369,1000000000370,222,11E,DL129,20140307,MYRLE,MISTRY,19900501
370,1000000000371,256,9B,DL129,20140307,GENE,MELLING,19820702
371,1000000000372,163,26D,DL129,20140307,FLORENTINA,LILLIAN,19830701
372,1000000000373,211,25F,DL129,20140307,SAMMY,FINDLEY,19840614
373,1000000000374,174,6A,DL129,20140307,ROSINA,HEISDORFFER,19960910
374,1000000000375,150,17A,SQ609,20130120,IVONNE,JANKOFF,19940215
375,1000000000376,228,2B,SQ609,20130120,REUBEN,POSTEMSKI,19710807
376,1000000000377,299,30D,SQ609,20130120,DEANGELO,HYSQUIERDO,19970210
377,1000000000378,240,12D,SQ609,20130120,KIMBRA,SPERRY,19981223
378,1000000000379,300,24A,SQ609,20130120,JESUS,DOMINICI,19800808
379,1000000000380,133,10F,SQ609,20130120,LELAND,EFLIN,19951127
380,1000000000381,202,24C,SQ609,20130120,VI,HAZELIP,19880828
381,1000000000382,220,24A,SQ609,20140709,BRENTON,WEISENSTEIN,19800313
382,1000000000383,168,7E,SQ609,20140709,RAFAEL,BRODSKY,19721026
383,1000000000384,176,15F,SQ609,20140709,TREENA,DICKENSHEETS,19760219
384,1000000000385,185,23A,SQ609,20140709,ADOLFO,RADOSLOVICH,20001210
385,1000000000386,220,25E,SQ609,20140709,MYRLE,MISTRY,19900501
386,1000000000387,232,23D,SQ609,20140709,DWAIN,MIRABILE,19801013
387,1000000000388,125,16A,SQ608,20130302,JOANN,MLYNEK,19950521
388,1000000000389,106,29D,SQ608,20130302,RASHAD,THAYN,19860420
389,1000000000390,269,2D,SQ608,20130302,JOEANN,NIEBEL,19790926
390,1000000000391,287,16C,SQ608,20130302,DEANGELO,HYSQUIERDO,19970210
391,1000000000392,272,25C,SQ608,20130302,PAIGE,MCKILLIPS,19870319
392,1000000000393,300,8C,SQ608,20141113,ARNOLDO,GEFFKEN,19750716
393,1000000000394,189,23B,SQ608,20141113,OPAL,STRYJEWSKI,20000716
394,1000000000395,243,8A,SQ608,20141113,LES,LABOR,19910728
395,1000000000396,219,11D,SQ608,20141113,ELVIN,CURINGTON,19880403
396,1000000000397,239,10B,SQ608,20141113,MARCOS,SCONCE,19890522
397,1000000000398,212,6C,OZ3615,20130519,KRYSTEN,TOBIN,19711008
398,1000000000399,248,15B,OZ3615,20130519,MONTE,PALLAFOR,19941118
399,1000000000400,261,17D,OZ3615,20130519,WERNER,ILLUZZI,19830228
400,1000000000401,300,11F,OZ3615,20130519,NICOLA,HITCHENS,19741011
401,1000000000402,186,11E,OZ3615,20130519,IVONNE,JANKOFF,19940215
402,1000000000403,155,11B,OZ3615,20130519,JACOB,SUMSTAD,19900913
403,1000000000404,196,26A,OZ3615,20130519,SHELDON,SECKINGTON,19841223
404,1000000000405,289,30B,OZ3615,20130519,JEFFEREY,PENN,19960911
405,1000000000406,292,27D,OZ3615,20130519,JOANN,MLYNEK,19950521
406,1000000000407,194,9C,OZ3615,20130519,LEMUEL,NOWOSADKO,19850310
407,1000000000408,152,17B,OZ3615,20131223,TYREE,KIEL,19780524
408,1000000000409,173,15B,OZ3615,20131223,TARYN,PUIATTI,19991102
409,1000000000410,191,2D,OZ3615,20131223,KARENA,PROBY,19730413
410,1000000000411,122,8C,OZ3615,20131223,EMIL,RANALLO,19910116
411,1000000000412,152,7C,OZ3615,20131223,HONG,FOISTER,19921115
412,1000000000413,210,24C,OZ3615,20131223,ELDA,HERRUD,19971218
413,1000000000414,224,29C,OZ3615,20131223,ARLEN,WIGGENS,19790519
414,1000000000415,273,19D,OZ3615,20131223,WENDELL,KIEKE,19900819
415,1000000000416,294,28C,OZ3615,20131223,EFREN,NEASON,19770426
416,1000000000417,204,6D,OZ3625,20140425,PEARLINE,BARDNEY,19880616
417,1000000000418,273,14F,OZ3625,20140425,DAN,ROBARDS,19700612
418,1000000000419,286,21A,OZ3625,20140425,THEO,FELICIANO,19900402
419,1000000000420,260,11A,OZ3625,20140425,ASUNCION,WEYMAN,19720927
420,1000000000421,109,7D,OZ3625,20140425,DEANGELO,HYSQUIERDO,19970210
421,1000000000422,158,10C,OZ3625,20140425,XOCHITL,MOOREHOUSE,19760207
422,1000000000423,297,6D,OZ3625,20130506,JIMMY,LINKO,19830705
423,1000000000424,158,21D,OZ3625,20130506,MARC,LEVAY,19760313
424,1000000000425,241,14F,OZ3625,20130506,WALTER,PROTANO,19920225
425,1000000000426,186,17B,OZ3625,20130506,BUFFY,DORION,19971112
426,1000000000427,137,4A,OZ3625,20130506,TY,FEUCHT,19750818
427,1000000000428,197,25A,OZ3625,20130506,HAROLD,STOCKBRIDGE,19760815
428,1000000000429,108,7D,OZ3625,20130506,EZRA,BOULEY,19781227
429,1000000000430,110,25F,CA1302,20131121,LAUREL,TREES,19960508
430,1000000000431,207,3B,CA1302,20131121,JERLENE,IANNONE,19900616
431,1000000000432,267,10B,CA1302,20131121,MICHALE,QUERCIA,19921003
432,1000000000433,104,3D,CA1302,20131121,ASUNCION,WEYMAN,19720927
433,1000000000434,217,6E,CA1302,20131121,BRENTON,WEISENSTEIN,19800313
434,1000000000435,164,24D,CA1302,20131121,MARIA,HARTKOPF,19800310
435,1000000000436,248,5C,CA1302,20131121,DEANGELO,HYSQUIERDO,19970210
436,1000000000437,120,25B,CA1302,20131121,JACQUELYN,STOCKHOLM,19741012
437,1000000000438,126,10D,CA1302,20131121,RAFAEL,BRODSKY,19721026
438,1000000000439,271,12C,CA1302,20131121,HENRY,MALOVICH,19790805
439,1000000000440,197,23D,CA1302,20140126,REUBEN,POSTEMSKI,19710807
440,1000000000441,179,22A,CA1302,20140126,SHONDA,MAGID,19950215
441,1000000000442,154,10D,CA1302,20140126,XOCHITL,MOOREHOUSE,19760207
442,1000000000443,114,21A,CA1302,20140126,DARLEEN,HOELZEL,19970405
443,1000000000444,183,21F,CA1302,20140126,ULA,FONEY,19970626
444,1000000000445,171,8E,CA1302,20140126,WILEY,ANCEL,19910924
445,1000000000446,263,23F,CA1302,20140126,JEFFEREY,PENN,19960911
446,1000000000447,244,27D,CA1302,20140126,CLIFFORD,BENKO,19840316
447,1000000000448,169,1E,CA1301,20131219,ALVA,QUARESMA,19781027
448,1000000000449,140,3C,CA1301,20131219,REUBEN,POSTEMSKI,19710807
449,1000000000450,232,1F,CA1301,20131219,NATALYA,GAVEL,19911116
450,1000000000451,145,11D,CA1301,20131219,IVONNE,JANKOFF,19940215
451,1000000000452,106,5C,CA1301,20131219,GUADALUPE,PIAN,19990227
452,1000000000453,168,7C,CA1301,20131219,ANDRA,DICARO,19850323
453,1000000000454,253,6F,CA1301,20131219,HAROLD,STOCKBRIDGE,19760815
454,1000000000455,280,7B,CA1301,20140413,ALETHEA,SUMLER,19761006
455,1000000000456,164,24E,CA1301,20140413,SHERYLL,TEMBY,19920318
456,1000000000457,274,29F,CA1301,20140413,ROMAN,DELISI,19761205
457,1000000000458,289,17A,CA1301,20140413,ARNOLDO,GEFFKEN,19750716
458,1000000000459,147,7D,CA1301,20140413,GLEN,CAJIGAS,19761128
459,1000000000460,102,30A,CZ3099,20130227,NICOLE,MAINELLO,19730701
460,1000000000461,232,18D,CZ3099,20130227,OTELIA,GLOVER,19860714
461,1000000000462,229,16A,CZ3099,20130227,XOCHITL,MOOREHOUSE,19760207
462,1000000000463,292,21F,CZ3099,20130227,SHAWANDA,VANALSTYNE,19750512
463,1000000000464,215,30B,CZ3099,20130227,RAMIRO,BOLINE,19800819
464,1000000000465,228,14A,CZ3099,20130227,JOEANN,NIEBEL,19790926
465,1000000000466,102,14F,CZ3099,20130227,THEO,FELICIANO,19900402
466,1000000000467,133,28F,CZ3099,20130227,FOREST,BESEMER,19890323
467,1000000000468,109,10B,CZ3099,20130227,ELEONOR,STATER,19790601
468,1000000000469,132,14E,CZ3099,20130227,LEMUEL,NOWOSADKO,19850310
469,1000000000470,261,17F,CZ3099,20130420,ALETHEA,SUMLER,19761006
470,1000000000471,129,21B,CZ3099,20130420,ELENE,SPINDLER,19931106
471,1000000000472,105,24E,CZ3099,20130420,HONG,FOISTER,19921115
472,1000000000473,128,2F,CZ3099,20130420,SAMMY,FINDLEY,19840614
473,1000000000474,143,15E,CZ3099,20130420,CARMON,LOGES,19810706
474,1000000000475,201,29D,CZ3099,20130420,HOLLIS,CAUTHON,19901104
475,1000000000476,247,12F,CZ3099,20130420,BRENTON,WEISENSTEIN,19800313
476,1000000000477,162,2A,CZ3099,20130420,GENE,MELLING,19820702
477,1000000000478,194,4A,CZ3099,20130420,LISHA,SMYTHE,19750226
478,1000000000479,274,14E,CZ3000,20140920,ASUNCION,WEYMAN,19720927
479,1000000000480,187,14D,CZ3000,20140920,HAROLD,STOCKBRIDGE,19760815
480,1000000000481,239,29B,CZ3000,20140920,THANH,BUFTON,19850422
481,1000000000482,254,2B,CZ3000,20140920,LEMUEL,NOWOSADKO,19850310
482,1000000000483,159,14F,CZ3000,20140920,LARRY,ROMANELLI,19880117
483,1000000000484,108,20B,CZ3000,20140920,MICHEL,THROCKMORTON,19830123
484,1000000000485,257,11B,CZ3000,20140920,KASHA,SAMANO,19710720
485,1000000000486,110,24E,CZ3000,20130328,JOESPH,HOSFELD,19850628
486,1000000000487,287,1B,CZ3000,20130328,MACIE,BESENDORFER,19780219
487,1000000000488,203,4F,CZ3000,20130328,GRANT,ZIMBA,19981107
488,1000000000489,200,6F,CZ3000,20130328,EVON,NAJARRO,19940312
489,1000000000490,126,18C,CZ3000,20130328,JORDON,KINCHEN,19740201
490,1000000000491,281,26C,HU7802,20130614,SHAWANDA,VANALSTYNE,19750512
491,1000000000492,196,12C,HU7802,20130614,IVONNE,JANKOFF,19940215
492,1000000000493,105,14A,HU7802,20130614,WALTON,DEMALLIE,19971026
493,1000000000494,277,22C,HU7802,20130614,JIMMY,LINKO,19830705
494,1000000000495,181,3A,HU7802,20130614,LES,LABOR,19910728
495,1000000000496,186,13F,HU7802,20130614,NICOLE,MAINELLO,19730701
496,1000000000497,206,22F,HU7802,20130614,CHERRYL,LANDOWSKI,19920622
497,1000000000498,164,16E,HU7802,20130514,CHARLENE,CARPENITO,19860501
498,1000000000499,105,18C,HU7802,20130514,RASHAD,THAYN,19860420
499,1000000000500,101,23D,HU7802,20130514,ARNOLDO,GEFFKEN,19750716
500,1000000000501,249,28E,HU7802,20130514,REUBEN,POSTEMSKI,19710807
501,1000000000502,275,6F,HU7802,20130514,ROSINA,HEISDORFFER,19960910
502,1000000000503,190,26A,HU7802,20130514,ROSAMOND,SUROWKA,19950509
503,1000000000504,281,24D,HU7801,20140421,JACQUELYN,STOCKHOLM,19741012
504,1000000000505,226,28C,HU7801,20140421,ULA,FONEY,19970626
505,1000000000506,121,1A,HU7801,20140421,CHARLENE,CARPENITO,19860501
506,1000000000507,113,16B,HU7801,20140421,STACY,CIAMPANELLA,19760203
507,1000000000508,240,3B,HU7801,20140421,JOEANN,NIEBEL,19790926
508,1000000000509,105,15B,HU7801,20140421,JARRETT,FEW,19960706
509,1000000000510,255,28A,HU7801,20140421,RASHAD,THAYN,19860420
510,1000000000511,270,14E,HU7801,20140421,TARYN,PUIATTI,19991102
511,1000000000512,255,15F,HU7801,20140421,HOLLIS,CAUTHON,19901104
512,1000000000513,109,18E,HU7801,20140625,KIMBRA,SPERRY,19981223
513,1000000000514,284,1E,HU7801,20140625,EDDY,HARFERT,19910804
514,1000000000515,152,18A,HU7801,20140625,JONATHON,FULVIO,19811119
515,1000000000516,171,15A,HU7801,20140625,DOROTHA,SOLOMON,19931001
516,1000000000517,234,24C,HU7801,20140625,JALISA,BOUTILIER,20001221
517,1000000000518,269,21D,HU7801,20140625,NATALYA,GAVEL,19911116
518,1000000000519,121,5D,HU7801,20140625,STACY,CIAMPANELLA,19760203
519,1000000000520,300,24D,HU7801,20140625,JEFFEREY,PENN,19960911
520,1000000000521,204,22A,HU7801,20140625,MICHALE,QUERCIA,19921003
521,1000000000522,276,30F,KE905,20140205,EVON,NAJARRO,19940312
522,1000000000523,155,11D,KE905,20140205,CARMON,LOGES,19810706
523,1000000000524,280,15E,KE905,20140205,GEORGE,HAYWARD,19800925
524,1000000000525,293,21A,KE905,20140205,GRANT,ZIMBA,19981107
525,1000000000526,116,24E,KE905,20140205,SOLOMON,BIGLEY,19791228
526,1000000000527,123,8D,KE905,20140205,FOREST,BESEMER,19890323
527,1000000000528,289,12A,KE905,20140205,MARIA,HARTKOPF,19800310
528,1000000000529,182,20F,KE905,20140205,WALTER,PROTANO,19920225
529,1000000000530,245,8B,KE905,20141012,KAILA,PENWELL,19750218
530,1000000000531,161,14D,KE905,20141012,MATT,SAMPSEL,19750814
531,1000000000532,251,25D,KE905,20141012,CHET,WALTERMAN,19730306
532,1000000000533,170,19E,KE905,20141012,GARLAND,ALMOS,19811108
533,1000000000534,238,27E,KE905,20141012,EMILIO,BALLATO,19730227
534,1000000000535,262,12D,KE905,20141012,FREDRICKA,GROSMAN,19730217
535,1000000000536,181,7D,KE905,20141012,LEMUEL,NOWOSADKO,19850310
536,1000000000537,203,12E,KE905,20141012,ARLEN,WIGGENS,19790519
537,1000000000538,237,16E,KE906,20130507,CLIFFORD,BENKO,19840316
538,1000000000539,284,26B,KE906,20130507,STACY,CIAMPANELLA,19760203
539,1000000000540,233,12A,KE906,20130507,DOROTHA,SOLOMON,19931001
540,1000000000541,173,20A,KE906,20130507,STERLING,NEWENLE,19900123
541,1000000000542,243,9B,KE906,20130507,ALISIA,MARCIA,19980507
542,1000000000543,299,17D,KE906,20131112,ADOLFO,RADOSLOVICH,20001210
543,1000000000544,300,14F,KE906,20131112,ELVIN,CURINGTON,19880403
544,1000000000545,279,1E,KE906,20131112,DELOIS,SPANGENBERG,19980527
545,1000000000546,145,11D,KE906,20131112,INDIRA,DROCK,19841002
546,1000000000547,264,10B,KE906,20131112,JORDON,KINCHEN,19740201
547,1000000000548,273,19F,KE906,20131112,CHERRY,SHIRAKAWA,19780108
548,1000000000549,207,12B,KE906,20131112,STEPHAINE,AGUAS,19700202
549,1000000000550,293,24A,KE906,20131112,ODIS,FEEKES,19850923
550,1000000000551,164,2E,MU787,20130121,ORVILLE,BERNI,19841006
551,1000000000552,241,26F,MU787,20130121,JEFFEREY,PENN,19960911
552,1000000000553,247,13F,MU787,20130121,MACIE,BESENDORFER,19780219
553,1000000000554,155,14C,MU787,20130121,ROXY,SHAWNEE,19870615
554,1000000000555,174,24E,MU787,20130121,TARYN,PUIATTI,19991102
555,1000000000556,235,1F,MU787,20130121,ROMAN,DELISI,19761205
556,1000000000557,239,8D,MU787,20130121,JOVITA,PONTREMOLI,19730519
557,1000000000558,263,6B,MU787,20130121,MARC,LEVAY,19760313
558,1000000000559,191,18D,MU787,20130121,LEMUEL,NOWOSADKO,19850310
559,1000000000560,141,19E,MU787,20130121,KASHA,SAMANO,19710720
560,1000000000561,229,25C,MU787,20130213,CLEO,KUBILUS,19770816
561,1000000000562,165,8D,MU787,20130213,ELEONOR,STATER,19790601
562,1000000000563,167,27A,MU787,20130213,JOANN,MLYNEK,19950521
563,1000000000564,218,24D,MU787,20130213,GEORGE,HAYWARD,19800925
564,1000000000565,182,19A,MU787,20130213,KIM,KOEPPE,19980517
565,1000000000566,172,22D,MU787,20130213,STEVE,GLAVE,19860201
566,1000000000567,254,25A,MU787,20130213,DAN,ROBARDS,19700612
567,1000000000568,188,23B,MU787,20130213,STACY,CIAMPANELLA,19760203
568,1000000000569,103,25B,MU787,20130213,ALISIA,MARCIA,19980507
569,1000000000570,114,6C,MU788,20131220,SHERYLL,TEMBY,19920318
570,1000000000571,245,30A,MU788,20131220,ULA,FONEY,19970626
571,1000000000572,265,7B,MU788,20131220,BORIS,HALBRITTER,19810412
572,1000000000573,147,6E,MU788,20131220,TAWANNA,STIMSON,19720315
573,1000000000574,165,10F,MU788,20131220,DAN,ROBARDS,19700612
574,1000000000575,232,12B,MU788,20131220,GARLAND,ALMOS,19811108
575,1000000000576,281,2C,MU788,20131220,ELDA,HERRUD,19971218
576,1000000000577,206,23F,MU788,20131220,CHARLENE,CARPENITO,19860501
577,1000000000578,146,25D,MU788,20131220,CHAS,JENKENS,19810810
578,1000000000579,149,10B,MU788,20140219,MARIA,HARTKOPF,19800310
579,1000000000580,244,29D,MU788,20140219,ROSAMOND,SUROWKA,19950509
580,1000000000581,294,27C,MU788,20140219,TAWANNA,STIMSON,19720315
581,1000000000582,217,14E,MU788,20140219,CARMON,LOGES,19810706
582,1000000000583,260,10D,MU788,20140219,STUART,SCHARTE,19710807
583,1000000000584,111,14C,MU788,20140219,IVONNE,ANTONELLO,19961005
584,1000000000585,149,20E,MU788,20140219,ROSENDO,DOBROWOLSKI,19940321
585,1000000000586,101,12F,MU788,20140219,STACY,CIAMPANELLA,19760203
586,1000000000587,278,10A,MU788,20140219,CLEMENTE,VENTRE,19790710
587,1000000000588,139,10C,MU788,20140219,THEO,FELICIANO,19900402
588,1000000000589,113,30F,CZ346,20130709,EZRA,BOULEY,19781227
589,1000000000590,277,6F,CZ346,20130709,PEARLINE,BARDNEY,19880616
590,1000000000591,202,6C,CZ346,20130709,JOESPH,HOSFELD,19850628
591,1000000000592,117,6D,CZ346,20130709,EFREN,NEASON,19770426
592,1000000000593,299,20A,CZ346,20130709,GENE,MELLING,19820702
593,1000000000594,270,11C,CZ346,20130709,STUART,SCHARTE,19710807
594,1000000000595,228,24C,CZ346,20130706,KASHA,SAMANO,19710720
595,1000000000596,213,22C,CZ346,20130706,GLEN,CAJIGAS,19761128
596,1000000000597,203,5A,CZ346,20130706,LESSIE,BEAKLEY,19910908
597,1000000000598,292,20C,CZ346,20130706,FREDRICKA,GROSMAN,19730217
598,1000000000599,178,16E,CZ346,20130706,HONG,FOISTER,19921115
599,1000000000600,278,16C,CZ346,20130706,DOROTHA,SOLOMON,19931001
600,1000000000601,127,29C,CZ346,20130706,MICHEL,THROCKMORTON,19830123
601,1000000000602,117,30F,CZ346,20130706,SAMMY,FINDLEY,19840614
602,1000000000603,182,20D,CZ345,20140503,GARRETT,MILLERBERND,19740725
603,1000000000604,176,14B,CZ345,20140503,WERNER,ILLUZZI,19830228
604,1000000000605,233,13B,CZ345,20140503,TARYN,PUIATTI,19991102
605,1000000000606,237,20E,CZ345,20140503,HONG,FOISTER,19921115
606,1000000000607,264,15A,CZ345,20140503,LESLIE,KUTCH,19840221
607,1000000000608,159,5F,CZ345,20140503,ELDA,HERRUD,19971218
608,1000000000609,188,30F,CZ345,20140503,RORY,BATTENFIELD,19760724
609,1000000000610,141,21B,CZ345,20140503,ETSUKO,LASENBY,19780319
610,1000000000611,150,7D,CZ345,20140503,ROSINA,HEISDORFFER,19960910
611,1000000000612,149,4B,CZ345,20140503,VI,HAZELIP,19880828
612,1000000000613,138,9F,CZ345,20141009,HONG,FOISTER,19921115
613,1000000000614,158,28E,CZ345,20141009,LAKENYA,KOLBY,19760627
614,1000000000615,158,14D,CZ345,20141009,ARLEN,WIGGENS,19790519
615,1000000000616,142,11F,CZ345,20141009,KIM,KOEPPE,19980517
616,1000000000617,216,20F,CZ345,20141009,CHANTELL,MCCLURKAN,19801012
617,1000000000618,134,23F,CZ345,20141009,JOANN,MLYNEK,19950521
618,1000000000619,104,25E,CZ345,20141009,WILMA,VELEGA,19931217
619,1000000000620,138,30E,CZ345,20141009,FLORENTINA,LILLIAN,19830701
620,1000000000621,229,20E,CZ345,20141009,GRANT,ZIMBA,19981107
621,1000000000622,114,11A,KL897,20130402,MERRY,HENSLER,19990606
622,1000000000623,142,5D,KL897,20130402,LAUREL,TREES,19960508
623,1000000000624,165,29A,KL897,20130402,GRANT,ZIMBA,19981107
624,1000000000625,188,24C,KL897,20130402,SOLOMON,BIGLEY,19791228
625,1000000000626,149,28B,KL897,20130402,JESUS,DOMINICI,19800808
626,1000000000627,173,16A,KL897,20130402,MARCELA,STANPHILL,19901026
627,1000000000628,225,18C,KL897,20130402,GERALDO,ACHENBACH,19960104
628,1000000000629,137,14D,KL897,20141008,FLORENTINA,LILLIAN,19830701
629,1000000000630,146,20A,KL897,20141008,WERNER,ILLUZZI,19830228
630,1000000000631,290,11F,KL897,20141008,GERALD,GARRIGUS,19900113
631,1000000000632,209,16D,KL897,20141008,JERLENE,IANNONE,19900616
632,1000000000633,141,22F,KL897,20141008,HOLLIS,CAUTHON,19901104
633,1000000000634,177,30D,KL897,20141008,SOLOMON,BIGLEY,19791228
634,1000000000635,293,25B,KL897,20141008,RAMIRO,BOLINE,19800819
635,1000000000636,118,18E,KL897,20141008,LARRY,ROMANELLI,19880117
636,1000000000637,260,1D,KL898,20141001,ETSUKO,LASENBY,19780319
637,1000000000638,300,22B,KL898,20141001,EDDY,HARFERT,19910804
638,1000000000639,146,2C,KL898,20141001,REUBEN,POSTEMSKI,19710807
639,1000000000640,192,18F,KL898,20141001,ANDRA,DICARO,19850323
640,1000000000641,241,26A,KL898,20141001,JERLENE,IANNONE,19900616
641,1000000000642,263,4F,KL898,20141001,MAURICIO,TUOMALA,19871212
642,1000000000643,204,26C,KL898,20141001,BLAIR,BRIGGMAN,19880525
643,1000000000644,122,29D,KL898,20141001,TEDDY,BERGET,19830625
644,1000000000645,299,30A,KL898,20140417,CORI,MENNING,19950601
645,1000000000646,136,10F,KL898,20140417,SHAWANDA,VANALSTYNE,19750512
646,1000000000647,234,13A,KL898,20140417,ROSAMOND,SUROWKA,19950509
647,1000000000648,264,7D,KL898,20140417,CHET,WALTERMAN,19730306
648,1000000000649,241,12B,KL898,20140417,VI,HAZELIP,19880828
649,1000000000650,145,16D,KL898,20140417,DWAIN,AURELIA,19990305
650,1000000000651,205,15E,KL898,20140417,ALETHEA,SUMLER,19761006
651,1000000000652,203,24E,KL898,20140417,WENDELL,KIEKE,19900819
652,1000000000653,225,21D,AF107,20140407,WILEY,GALENTINE,19900528
653,1000000000654,297,9C,AF107,20140407,ARLEN,WIGGENS,19790519
654,1000000000655,274,21E,AF107,20140407,EFREN,NEASON,19770426
655,1000000000656,244,6F,AF107,20140407,CEDRIC,PARIZEK,19891020
656,1000000000657,130,16D,AF107,20140407,WILMA,VELEGA,19931217
657,1000000000658,239,2C,AF107,20140407,JOESPH,HOSFELD,19850628
658,1000000000659,147,9F,AF107,20130412,GARLAND,ALMOS,19811108
659,1000000000660,156,7A,AF107,20130412,LYNWOOD,POLLACK,19720521
660,1000000000661,210,14F,AF107,20130412,CHAS,PRADER,19700608
661,1000000000662,293,16A,AF107,20130412,ETSUKO,LASENBY,19780319
662,1000000000663,288,7E,AF107,20130412,MAURICIO,TUOMALA,19871212
663,1000000000664,214,16E,AF107,20130412,CLIFFORD,BENKO,19840316
664,1000000000665,112,6A,AF107,20130412,CHARLENE,CARPENITO,19860501
665,1000000000666,206,21B,AF107,20130412,STEPHAINE,AGUAS,19700202
666,1000000000667,188,9C,AF107,20130412,TYREE,KIEL,19780524
667,1000000000668,241,23E,AF107,20130412,MICHEL,THROCKMORTON,19830123
668,1000000000669,284,11E,AF102,20130814,GERALDO,ACHENBACH,19960104
669,1000000000670,173,14A,AF102,20130814,ROXY,SHAWNEE,19870615
670,1000000000671,123,7C,AF102,20130814,JIMMY,LINKO,19830705
671,1000000000672,164,9E,AF102,20130814,ODIS,FEEKES,19850923
672,1000000000673,178,8E,AF102,20130814,CHARLEY,BUZZARD,19860313
673,1000000000674,148,7E,AF102,20140315,PAIGE,MCKILLIPS,19870319
674,1000000000675,144,10D,AF102,20140315,ADRIEN,OATMAN,19801008
675,1000000000676,162,20C,AF102,20140315,HOLLIS,CAUTHON,19901104
676,1000000000677,298,26C,AF102,20140315,JESUS,DOMINICI,19800808
677,1000000000678,117,25A,AF102,20140315,ELEONOR,STATER,19790601
678,1000000000679,206,18C,AF102,20140315,KAILA,PENWELL,19750218
679,1000000000680,286,11C,AF102,20140315,IVONNE,ANTONELLO,19961005
680,1000000000681,129,16C,BA38,20140311,MARC,LEVAY,19760313
681,1000000000682,147,2F,BA38,20140311,GEORGE,HAYWARD,19800925
682,1000000000683,100,9D,BA38,20140311,KIMBRA,SPERRY,19981223
683,1000000000684,300,4E,BA38,20140311,MICHALE,QUERCIA,19921003
684,1000000000685,250,29E,BA38,20140311,ROXY,SHAWNEE,19870615
685,1000000000686,251,4F,BA38,20140311,EFREN,NEASON,19770426
686,1000000000687,132,1E,BA38,20140311,CHESTER,LISHMAN,19890804
687,1000000000688,234,15D,BA38,20140311,PATRICIA,CLAUSE,19800901
688,1000000000689,121,7F,BA38,20140311,JONATHON,FULVIO,19811119
689,1000000000690,260,20A,BA38,20140311,HENRY,MALOVICH,19790805
690,1000000000691,271,24D,BA38,20140807,LAUREL,TREES,19960508
691,1000000000692,215,7E,BA38,20140807,JARRETT,FEW,19960706
692,1000000000693,160,3E,BA38,20140807,JACOB,SUMSTAD,19900913
693,1000000000694,102,16D,BA38,20140807,MARIA,HARTKOPF,19800310
694,1000000000695,163,23A,BA38,20140807,FREDRICKA,GROSMAN,19730217
695,1000000000696,115,16D,BA39,20130627,CHESTER,LISHMAN,19890804
696,1000000000697,102,8F,BA39,20130627,KATINA,DIGIULIO,19911109
697,1000000000698,284,29B,BA39,20130627,DOROTHA,SOLOMON,19931001
698,1000000000699,239,17D,BA39,20130627,TREENA,DICKENSHEETS,19760219
699,1000000000700,255,20A,BA39,20130627,WILEY,ANCEL,19910924
700,1000000000701,165,20D,BA39,20130627,WALTER,PROTANO,19920225
701,1000000000702,216,30A,BA39,20130627,LYNWOOD,POLLACK,19720521
702,1000000000703,167,10A,BA39,20130627,STEVE,GLAVE,19860201
703,1000000000704,163,28B,BA39,20130627,MITCHEL,BIENVENUE,19870723
704,1000000000705,186,6D,BA39,20130310,STEPHAINE,AGUAS,19700202
705,1000000000706,186,8A,BA39,20130310,JUAN,BENCK,19710818
706,1000000000707,190,30E,BA39,20130310,ANDRA,DICARO,19850323
707,1000000000708,254,14E,BA39,20130310,NANCY,SCHLESSELMAN,19960715
708,1000000000709,218,3C,BA39,20130310,GARLAND,ALMOS,19811108
709,1000000000710,233,18B,BA39,20130310,ROXY,SHAWNEE,19870615
710,1000000000711,246,20A,BA39,20130310,ELENE,SPINDLER,19931106
711,1000000000712,244,15A,BA39,20130310,MATT,SAMPSEL,19750814
712,1000000000713,159,1E,BA39,20130310,JOEANN,NIEBEL,19790926
713,1000000000714,114,1B,BA39,20130310,FOREST,BESEMER,19890323
714,1000000000715,281,10F,CA907,20130912,THANH,BUFTON,19850422
715,1000000000716,210,2C,CA907,20130912,ANDRA,DICARO,19850323
716,1000000000717,217,26B,CA907,20130912,CHERRYL,LANDOWSKI,19920622
717,1000000000718,268,3F,CA907,20130912,ALVA,QUARESMA,19781027
718,1000000000719,281,25C,CA907,20130912,SAMMY,FINDLEY,19840614
719,1000000000720,184,3A,CA907,20130912,DAN,ROBARDS,19700612
720,1000000000721,229,16E,CA907,20130912,CLEO,KUBILUS,19770816
721,1000000000722,217,12B,CA907,20130912,DELOIS,SPANGENBERG,19980527
722,1000000000723,160,29E,CA907,20130912,JEANNINE,SIAPERAS,19740328
723,1000000000724,266,2A,CA907,20140517,HOLLIS,CAUTHON,19901104
724,1000000000725,280,2C,CA907,20140517,CLIFFORD,BENKO,19840316
725,1000000000726,247,5C,CA907,20140517,IVONNE,JANKOFF,19940215
726,1000000000727,228,3B,CA907,20140517,WILEY,ANCEL,19910924
727,1000000000728,266,25E,CA907,20140517,JUAN,BENCK,19710818
728,1000000000729,121,28E,CA907,20140517,TOD,HEINDL,19740912
729,1000000000730,148,1C,CA907,20140517,LESSIE,BEAKLEY,19910908
730,1000000000731,160,29C,CA907,20140517,HOLLIS,LAGERMAN,19740417
731,1000000000732,231,14E,CA908,20141126,GLEN,CAJIGAS,19761128
732,1000000000733,232,7A,CA908,20141126,SOLOMON,BIGLEY,19791228
733,1000000000734,262,17D,CA908,20141126,KIM,KOEPPE,19980517
734,1000000000735,249,12C,CA908,20141126,SHERYLL,TEMBY,19920318
735,1000000000736,124,28D,CA908,20141126,EMIL,RANALLO,19910116
736,1000000000737,215,3B,CA908,20141126,OPAL,STRYJEWSKI,20000716
737,1000000000738,158,3F,CA908,20141126,JESUS,DOMINICI,19800808
738,1000000000739,104,9A,CA908,20141126,GRANT,ZIMBA,19981107
739,1000000000740,135,7B,CA908,20141126,CHERRYL,LANDOWSKI,19920622
740,1000000000741,161,10C,CA908,20141126,JONATHON,FULVIO,19811119
741,1000000000742,204,15B,CA908,20130527,ELEONORE,WEIDA,19821014
742,1000000000743,154,11E,CA908,20130527,BORIS,HALBRITTER,19810412
743,1000000000744,187,14D,CA908,20130527,RAMIRO,BOLINE,19800819
744,1000000000745,215,18B,CA908,20130527,SHAWANDA,VANALSTYNE,19750512
745,1000000000746,123,6A,CA908,20130527,GENE,MELLING,19820702
746,1000000000747,205,10D,CA908,20130527,JACOB,SUMSTAD,19900913
747,1000000000748,261,20C,CA908,20130527,JALISA,BOUTILIER,20001221
748,1000000000749,138,18F,TK1367,20140113,JACQUELYN,STOCKHOLM,19741012
749,1000000000750,281,10F,TK1367,20140113,SAMMY,FINDLEY,19840614
750,1000000000751,144,15D,TK1367,20140113,INDIRA,DROCK,19841002
751,1000000000752,208,23E,TK1367,20140113,SHELDON,SECKINGTON,19841223
752,1000000000753,240,12D,TK1367,20140113,THEO,FELICIANO,19900402
753,1000000000754,222,22C,TK1367,20140113,MITCHELL,BOSWORTH,19981013
754,1000000000755,167,11B,TK1367,20140113,WALTON,DEMALLIE,19971026
755,1000000000756,188,17F,TK1367,20140113,CHANTELL,MCCLURKAN,19801012
756,1000000000757,181,10E,TK1367,20140113,LEMUEL,NOWOSADKO,19850310
757,1000000000758,187,26C,TK1367,20130301,STACY,CIAMPANELLA,19760203
758,1000000000759,146,24C,TK1367,20130301,EVELIN,MCCAGUE,19761025
759,1000000000760,263,19C,TK1367,20130301,KASHA,SAMANO,19710720
760,1000000000761,224,18F,TK1367,20130301,DELOIS,SPANGENBERG,19980527
761,1000000000762,165,7D,TK1367,20130301,HORACE,MARRS,19941016
762,1000000000763,204,4B,TK1368,20140923,TOD,HEINDL,19740912
763,1000000000764,164,19D,TK1368,20140923,LESSIE,BEAKLEY,19910908
764,1000000000765,170,19A,TK1368,20140923,THANH,BUFTON,19850422
765,1000000000766,135,7D,TK1368,20140923,ETSUKO,LASENBY,19780319
766,1000000000767,247,6B,TK1368,20140923,LELAND,EFLIN,19951127
767,1000000000768,240,30E,TK1368,20140923,CLEMENTE,VENTRE,19790710
768,1000000000769,285,8A,TK1368,20140923,NICOLA,HITCHENS,19741011
769,1000000000770,285,26F,TK1368,20140223,ARNOLDO,GEFFKEN,19750716
770,1000000000771,232,9D,TK1368,20140223,ROSINA,HEISDORFFER,19960910
771,1000000000772,239,4D,TK1368,20140223,ELEONOR,STATER,19790601
772,1000000000773,131,8C,TK1368,20140223,CHANTELL,MCCLURKAN,19801012
773,1000000000774,216,5F,TK1368,20140223,TY,FEUCHT,19750818
774,1000000000775,271,5D,TK1368,20140223,INDIRA,DROCK,19841002
775,1000000000776,142,20A,TK1368,20140223,OLA,RETZLER,19841015
776,1000000000777,156,21E,TK1368,20140223,HAYDEN,RAKESTROW,19900517
777,1000000000778,118,10A,TK1368,20140223,ADRIEN,OATMAN,19801008
778,1000000000779,179,30C,TK1368,20140223,KASHA,SAMANO,19710720
779,1000000000780,266,22A,TK2,20130823,LAKENYA,KOLBY,19760627
780,1000000000781,225,12B,TK2,20130823,JEANNINE,SIAPERAS,19740328
781,1000000000782,285,27A,TK2,20130823,HOLLIS,CAUTHON,19901104
782,1000000000783,226,3D,TK2,20130823,JOANN,MLYNEK,19950521
783,1000000000784,178,21C,TK2,20130823,JESUS,DOMINICI,19800808
784,1000000000785,188,12F,TK2,20130823,TERRESA,SIU,19930623
785,1000000000786,249,23D,TK2,20130513,TOD,HEINDL,19740912
786,1000000000787,251,19B,TK2,20130513,ARDEN,HESSMAN,19730106
787,1000000000788,114,19F,TK2,20130513,NATALYA,GAVEL,19911116
788,1000000000789,180,10D,TK2,20130513,NATHAN,SWEHLA,19771119
789,1000000000790,190,22E,TK2,20130513,MAURICIO,TUOMALA,19871212
790,1000000000791,145,13C,TK2,20130513,RUBIN,PRIMER,20000610
791,1000000000792,208,14B,TK2,20130513,CHERRYL,LANDOWSKI,19920622
792,1000000000793,252,17B,TK2,20130513,REUBEN,POSTEMSKI,19710807
793,1000000000794,145,3B,TK1,20131108,JOVITA,PONTREMOLI,19730519
794,1000000000795,204,10B,TK1,20131108,CHANTELL,MCCLURKAN,19801012
795,1000000000796,222,18F,TK1,20131108,GERALD,GARRIGUS,19900113
796,1000000000797,297,28D,TK1,20131108,NATHAN,SWEHLA,19771119
797,1000000000798,246,16D,TK1,20131108,NATALYA,GAVEL,19911116
798,1000000000799,109,22A,TK1,20131108,GRANT,ZIMBA,19981107
799,1000000000800,187,2C,TK1,20131108,JARRETT,FEW,19960706
800,1000000000801,279,25C,TK1,20131108,JESUS,DOMINICI,19800808
801,1000000000802,268,11F,TK1,20130920,CHARLENE,CARPENITO,19860501
802,1000000000803,135,19B,TK1,20130920,PATRICIA,CLAUSE,19800901
803,1000000000804,211,21F,TK1,20130920,HARRY,BENNETH,19870607
804,1000000000805,195,26F,TK1,20130920,MYRLE,MISTRY,19900501
805,1000000000806,151,9B,TK1,20130920,JARRETT,FEW,19960706
806,1000000000807,178,15D,TK1,20130920,LISHA,SMYTHE,19750226
807,1000000000808,282,17C,TK1,20130920,MARCOS,SCONCE,19890522
808,1000000000809,246,25D,AA716,20140318,MIRNA,BELLANTUONO,19941017
809,1000000000810,223,22B,AA716,20140318,SHERYLL,TEMBY,19920318
810,1000000000811,152,27A,AA716,20140318,ARDEN,HESSMAN,19730106
811,1000000000812,126,12B,AA716,20140318,KASHA,SAMANO,19710720
812,1000000000813,231,20C,AA716,20140318,DWAIN,AURELIA,19990305
813,1000000000814,140,11A,AA716,20140928,VI,HAZELIP,19880828
814,1000000000815,250,27E,AA716,20140928,GEORGE,HAYWARD,19800925
815,1000000000816,253,15E,AA716,20140928,JAYSON,TURYBURY,19920811
816,1000000000817,246,9B,AA716,20140928,DELOIS,SPANGENBERG,19980527
817,1000000000818,193,6D,AA716,20140928,WILEY,GALENTINE,19900528
818,1000000000819,153,8E,AA716,20140928,GUADALUPE,PIAN,19990227
819,1000000000820,106,5E,AA716,20140928,LYNWOOD,POLLACK,19720521
820,1000000000821,295,10F,AA717,20130917,EVON,NAJARRO,19940312
821,1000000000822,246,23E,AA717,20130917,TOD,HEINDL,19740912
822,1000000000823,254,30F,AA717,20130917,HORACE,MARRS,19941016
823,1000000000824,143,21D,AA717,20130917,CHERRYL,LANDOWSKI,19920622
824,1000000000825,236,2B,AA717,20130917,MICHALE,QUERCIA,19921003
825,1000000000826,280,28D,AA717,20130917,GERALD,GARRIGUS,19900113
826,1000000000827,199,9F,AA717,20140328,HENRY,ELLIOTT,19920318
827,1000000000828,123,14F,AA717,20140328,REUBEN,POSTEMSKI,19710807
828,1000000000829,129,22E,AA717,20140328,CHAS,JENKENS,19810810
829,1000000000830,227,27D,AA717,20140328,STEPHAINE,AGUAS,19700202
830,1000000000831,152,22A,AA717,20140328,NICOLE,MAINELLO,19730701
831,1000000000832,294,8D,AA717,20140328,HELAINE,CAVIN,19760520
832,1000000000833,296,18B,AA717,20140328,JALISA,BOUTILIER,20001221
833,1000000000834,250,21F,AA2188,20130216,GRANT,ZIMBA,19981107
834,1000000000835,216,27E,AA2188,20130216,HENRY,ELLIOTT,19920318
835,1000000000836,246,5C,AA2188,20130216,ANGELES,VANSTEENBERG,19820528
836,1000000000837,149,20A,AA2188,20130216,ROSINA,HEISDORFFER,19960910
837,1000000000838,256,15C,AA2188,20130216,GARRETT,MILLERBERND,19740725
838,1000000000839,200,10B,AA2188,20130404,EVON,NAJARRO,19940312
839,1000000000840,106,30C,AA2188,20130404,CLEORA,MULRAIN,19780419
840,1000000000841,289,23D,AA2188,20130404,STEVE,GLAVE,19860201
841,1000000000842,219,24C,AA2188,20130404,MAURO,HARAJLY,19810704
842,1000000000843,267,3D,AA2188,20130404,GERALD,GARRIGUS,19900113
843,1000000000844,248,25A,AA2328,20140415,WENDELL,KIEKE,19900819
844,1000000000845,197,4D,AA2328,20140415,ELEONORE,WEIDA,19821014
845,1000000000846,298,2D,AA2328,20140415,MERRY,HENSLER,19990606
846,1000000000847,141,20C,AA2328,20140415,WILEY,ANCEL,19910924
847,1000000000848,259,24E,AA2328,20140415,HENRY,ELLIOTT,19920318
848,1000000000849,207,14E,AA2328,20140415,NATALYA,GAVEL,19911116
849,1000000000850,104,11C,AA2328,20140415,HILDEGARD,MOTTEN,19941124
850,1000000000851,124,23F,AA2328,20140415,CHANTELL,MCCLURKAN,19801012
851,1000000000852,284,26F,AA2328,20140415,ETSUKO,LASENBY,19780319
852,1000000000853,213,16E,AA2328,20140608,RASHAD,THAYN,19860420
853,1000000000854,100,27D,AA2328,20140608,JOEANN,NIEBEL,19790926
854,1000000000855,163,25D,AA2328,20140608,JUAN,BENCK,19710818
855,1000000000856,185,4F,AA2328,20140608,YUKO,SPRIGGLE,19991003
856,1000000000857,188,16D,AA2328,20140608,SAUL,FRANCO,19800506
857,1000000000858,101,9C,AA2328,20140608,NATALYA,GAVEL,19911116
858,1000000000859,212,14F,AA2328,20140608,CARMON,LOGES,19810706
859,1000000000860,151,2E,AA2328,20140608,PHYLICIA,URSIAK,19711022
860,1000000000861,169,6A,AA1178,20141215,JOSPEH,SOR,19920120
861,1000000000862,225,5B,AA1178,20141215,EVON,NAJARRO,19940312
862,1000000000863,262,21F,AA1178,20141215,ROSENDO,DOBROWOLSKI,19940321
863,1000000000864,222,13B,AA1178,20141215,EFREN,NEASON,19770426
864,1000000000865,112,4F,AA1178,20141215,STERLING,NEWENLE,19900123
865,1000000000866,143,17D,AA1178,20141215,LYNWOOD,POLLACK,19720521
866,1000000000867,227,22D,AA1178,20140102,ALISIA,MARCIA,19980507
867,1000000000868,293,7A,AA1178,20140102,ASUNCION,WEYMAN,19720927
868,1000000000869,276,4B,AA1178,20140102,LES,LABOR,19910728
869,1000000000870,251,21E,AA1178,20140102,HOLLIS,LAGERMAN,19740417
870,1000000000871,195,2D,AA1178,20140102,GERALDO,ACHENBACH,19960104
871,1000000000872,163,25D,AA1178,20140102,LISHA,SMYTHE,19750226
872,1000000000873,243,10B,AA1178,20140102,GUADALUPE,PIAN,19990227
873,1000000000874,277,20C,AA1178,20140102,STERLING,NEWENLE,19900123
874,1000000000875,188,8C,AA1178,20140102,JOANN,MLYNEK,19950521
875,1000000000876,292,16F,AA1264,20130415,LESSIE,BEAKLEY,19910908
876,1000000000877,123,19F,AA1264,20130415,SAMMIE,WHALLEY,19700125
877,1000000000878,220,16C,AA1264,20130415,GLEN,CAJIGAS,19761128
878,1000000000879,255,5D,AA1264,20130415,MATT,SAMPSEL,19750814
879,1000000000880,199,22D,AA1264,20130415,ULA,FONEY,19970626
880,1000000000881,123,13C,AA1264,20130415,HORACE,MARRS,19941016
881,1000000000882,232,3E,AA1264,20130415,FLORENTINA,LILLIAN,19830701
882,1000000000883,114,7B,AA1264,20130415,GUADALUPE,PIAN,19990227
883,1000000000884,200,16E,AA1264,20130213,MICHALE,QUERCIA,19921003
884,1000000000885,236,30F,AA1264,20130213,TREENA,DICKENSHEETS,19760219
885,1000000000886,146,8F,AA1264,20130213,SAMMY,FINDLEY,19840614
886,1000000000887,221,29C,AA1264,20130213,CLEO,KUBILUS,19770816
887,1000000000888,191,18F,AA1264,20130213,BRENTON,WEISENSTEIN,19800313
888,1000000000889,231,12E,AA1264,20130213,EMILIO,BALLATO,19730227
889,1000000000890,275,17F,AA1264,20130213,NICOLA,HITCHENS,19741011
890,1000000000891,214,12A,AA1264,20130213,CHET,WALTERMAN,19730306
891,1000000000892,288,28A,B61115,20140820,ANGELES,VANSTEENBERG,19820528
892,1000000000893,162,4A,B61115,20140820,ORVILLE,BERNI,19841006
893,1000000000894,122,15D,B61115,20140820,MICHEL,THROCKMORTON,19830123
894,1000000000895,222,5D,B61115,20140820,FREDRICKA,GROSMAN,19730217
895,1000000000896,235,12E,B61115,20140820,RUBIN,PRIMER,20000610
896,1000000000897,253,23A,B61115,20131102,JOSPEH,SOR,19920120
897,1000000000898,154,22C,B61115,20131102,IVONNE,ANTONELLO,19961005
898,1000000000899,132,4F,B61115,20131102,FATIMAH,NOKE,19880509
899,1000000000900,223,12D,B61115,20131102,VI,HAZELIP,19880828
900,1000000000901,135,19C,B61115,20131102,KIMBRA,SPERRY,19981223
901,1000000000902,107,30D,B61115,20131102,HAROLD,STOCKBRIDGE,19760815
902,1000000000903,255,29C,B61115,20131102,JON,TERBUSH,19710117
903,1000000000904,296,3C,B61115,20131102,TRUDI,TALLARICO,19780424
904,1000000000905,283,23C,B61115,20131102,ADRIEN,OATMAN,19801008
905,1000000000906,215,2D,DL61,20141106,KRYSTEN,TOBIN,19711008
906,1000000000907,251,24D,DL61,20141106,DEANGELO,HYSQUIERDO,19970210
907,1000000000908,265,13D,DL61,20141106,PAIGE,MCKILLIPS,19870319
908,1000000000909,104,9F,DL61,20141106,JOEANN,NIEBEL,19790926
909,1000000000910,119,1B,DL61,20141106,FATIMAH,NOKE,19880509
910,1000000000911,149,17C,DL61,20140723,SHONDA,MAGID,19950215
911,1000000000912,138,7F,DL61,20140723,ORVILLE,BERNI,19841006
912,1000000000913,298,4D,DL61,20140723,STUART,SCHARTE,19710807
913,1000000000914,237,3E,DL61,20140723,HARRY,BENNETH,19870607
914,1000000000915,277,22F,DL61,20140723,INDIRA,DROCK,19841002
915,1000000000916,174,18E,DL61,20140723,EMIL,RANALLO,19910116
916,1000000000917,198,16E,DL60,20140412,JOEANN,NIEBEL,19790926
917,1000000000918,107,16B,DL60,20140412,JONATHON,FULVIO,19811119
918,1000000000919,267,2A,DL60,20140412,JORDON,KINCHEN,19740201
919,1000000000920,165,18A,DL60,20140412,RAFAEL,BRODSKY,19721026
920,1000000000921,183,6C,DL60,20140412,ROSENDO,DOBROWOLSKI,19940321
921,1000000000922,187,2E,DL60,20131206,RORY,BATTENFIELD,19760724
922,1000000000923,268,3C,DL60,20131206,ODIS,FEEKES,19850923
923,1000000000924,259,24F,DL60,20131206,ARLEN,WIGGENS,19790519
924,1000000000925,173,9B,DL60,20131206,TY,FEUCHT,19750818
925,1000000000926,300,14A,DL60,20131206,SAUL,FRANCO,19800506
926,1000000000927,173,5C,DL60,20131206,INDIRA,DROCK,19841002
927,1000000000928,121,11C,DL60,20131206,EZRA,BOULEY,19781227
928,1000000000929,201,30A,DL60,20131206,ELEONORE,WEIDA,19821014
929,1000000000930,108,28E,DL60,20131206,HAYDEN,RAKESTROW,19900517
930,1000000000931,222,27C,UA819,20130125,JEANETTA,EHMANN,19980402
931,1000000000932,237,18A,UA819,20130125,LAKENYA,KOLBY,19760627
932,1000000000933,169,21B,UA819,20130125,HORACE,MARRS,19941016
933,1000000000934,286,10E,UA819,20130125,GARLAND,ALMOS,19811108
934,1000000000935,113,14F,UA819,20130125,GARRETT,MILLERBERND,19740725
935,1000000000936,294,3C,UA819,20130125,JOEANN,NIEBEL,19790926
936,1000000000937,258,29F,UA819,20130125,LYNWOOD,POLLACK,19720521
937,1000000000938,258,5A,UA819,20130125,FLORENTINA,LILLIAN,19830701
938,1000000000939,179,2D,UA819,20130125,OPAL,STRYJEWSKI,20000716
939,1000000000940,204,16A,UA819,20130125,CLEORA,MULRAIN,19780419
940,1000000000941,139,29B,UA819,20141203,SHELDON,SECKINGTON,19841223
941,1000000000942,106,23F,UA819,20141203,SHAWANDA,VANALSTYNE,19750512
942,1000000000943,255,25E,UA819,20141203,CHARLENE,CARPENITO,19860501
943,1000000000944,248,30D,UA819,20141203,WENDELL,KIEKE,19900819
944,1000000000945,170,24E,UA819,20141203,CEDRIC,PARIZEK,19891020
945,1000000000946,228,18C,UA819,20141203,WALTER,PROTANO,19920225
946,1000000000947,236,17F,UA819,20141203,KIMBRA,SPERRY,19981223
947,1000000000948,281,8E,UA818,20140105,IVONNE,ANTONELLO,19961005
948,1000000000949,256,25A,UA818,20140105,KAILA,PENWELL,19750218
949,1000000000950,134,20D,UA818,20140105,IVONNE,JANKOFF,19940215
950,1000000000951,226,26C,UA818,20140105,CLEORA,MULRAIN,19780419
951,1000000000952,149,15B,UA818,20140105,ELEONOR,STATER,19790601
952,1000000000953,286,25F,UA818,20140105,GENE,MELLING,19820702
953,1000000000954,240,3E,UA818,20140105,JOANN,MLYNEK,19950521
954,1000000000955,238,13D,UA818,20140105,ELDA,HERRUD,19971218
955,1000000000956,107,5B,UA818,20130311,HAROLD,STOCKBRIDGE,19760815
956,1000000000957,201,6E,UA818,20130311,KASHA,SAMANO,19710720
957,1000000000958,211,13F,UA818,20130311,JEFFEREY,PENN,19960911
958,1000000000959,253,20D,UA818,20130311,STUART,SCHARTE,19710807
959,1000000000960,148,8B,UA818,20130311,GERALDO,ACHENBACH,19960104
960,1000000000961,298,18D,SU104,20130911,ELDA,HERRUD,19971218
961,1000000000962,202,6A,SU104,20130911,SHERYLL,TEMBY,19920318
962,1000000000963,196,17A,SU104,20130911,SHELDON,SECKINGTON,19841223
963,1000000000964,300,16B,SU104,20130911,MAURO,HARAJLY,19810704
964,1000000000965,123,5B,SU104,20130911,GARLAND,ALMOS,19811108
965,1000000000966,299,29D,SU104,20130911,MARCELA,STANPHILL,19901026
966,1000000000967,198,12C,SU104,20130911,CHESTER,LISHMAN,19890804
967,1000000000968,188,25F,SU104,20130911,STUART,SCHARTE,19710807
968,1000000000969,299,22A,SU104,20130911,TERRESA,SIU,19930623
969,1000000000970,212,19C,SU104,20131006,HOLLIS,CAUTHON,19901104
970,1000000000971,220,30F,SU104,20131006,JEANETTA,EHMANN,19980402
971,1000000000972,243,25F,SU104,20131006,MITCHEL,BIENVENUE,19870723
972,1000000000973,134,18F,SU104,20131006,TERINA,LEFLORE,19830626
973,1000000000974,155,26E,SU104,20131006,HORACE,MARRS,19941016
974,1000000000975,189,10A,SU105,20130103,OPAL,STRYJEWSKI,20000716
975,1000000000976,209,1A,SU105,20130103,ALISIA,MARCIA,19980507
976,1000000000977,256,8B,SU105,20130103,JOVITA,PONTREMOLI,19730519
977,1000000000978,239,21A,SU105,20130103,JACOB,SUMSTAD,19900913
978,1000000000979,127,22B,SU105,20130103,EFREN,NEASON,19770426
979,1000000000980,280,29A,SU105,20130103,ADOLFO,RADOSLOVICH,20001210
980,1000000000981,259,20F,SU105,20130103,DWAIN,MIRABILE,19801013
981,1000000000982,233,22F,SU105,20130103,XOCHITL,MOOREHOUSE,19760207
982,1000000000983,111,4C,SU105,20130103,WILEY,GALENTINE,19900528
983,1000000000984,206,14C,SU105,20141125,JACQUELYN,STOCKHOLM,19741012
984,1000000000985,242,3B,SU105,20141125,OTELIA,GLOVER,19860714
985,1000000000986,175,23A,SU105,20141125,EVON,NAJARRO,19940312
986,1000000000987,260,13F,SU105,20141125,CLEORA,MULRAIN,19780419
987,1000000000988,290,16A,SU105,20141125,CHERRYL,LANDOWSKI,19920622
988,1000000000989,125,22D,SU105,20141125,PATRICIA,CLAUSE,19800901
989,1000000000990,236,9A,SU105,20141125,STERLING,NEWENLE,19900123
990,1000000000991,297,16D,SU105,20141125,OLA,RETZLER,19841015
991,1000000000992,246,29F,UA37,20130106,SOLOMON,BIGLEY,19791228
992,1000000000993,136,24B,UA37,20130106,DWAIN,AURELIA,19990305
993,1000000000994,206,3B,UA37,20130106,GENE,MELLING,19820702
994,1000000000995,277,28C,UA37,20130106,BUFFY,DORION,19971112
995,1000000000996,256,13A,UA37,20130106,TERRESA,SIU,19930623
996,1000000000997,107,16E,UA37,20130106,SAUL,FRANCO,19800506
997,1000000000998,134,25C,UA37,20130106,OTELIA,GLOVER,19860714
998,1000000000999,160,16D,UA37,20130106,WERNER,ILLUZZI,19830228
999,1000000001000,298,12E,UA37,20130618,MARIA,HARTKOPF,19800310
1000,1000000001001,261,1D,UA37,20130618,KATINA,DIGIULIO,19911109
1001,1000000001002,298,15A,UA37,20130618,BLAIR,BRIGGMAN,19880525
1002,1000000001003,223,25E,UA37,20130618,ELEONOR,STATER,19790601
1003,1000000001004,196,3D,UA37,20130618,EMIL,RANALLO,19910116
1004,1000000001005,260,15B,UA36,20141105,OPAL,STRYJEWSKI,20000716
1005,1000000001006,197,4E,UA36,20141105,JUAN,BENCK,19710818
1006,1000000001007,121,3D,UA36,20141105,EMIL,RANALLO,19910116
1007,1000000001008,190,7B,UA36,20141105,DEANGELO,HYSQUIERDO,19970210
1008,1000000001009,251,17F,UA36,20141105,RUBIN,PRIMER,20000610
1009,1000000001010,118,5C,UA36,20141105,HENRY,MALOVICH,19790805
1010,1000000001011,130,8A,UA36,20141105,HENRY,ELLIOTT,19920318
1011,1000000001012,250,20E,UA36,20141105,IVONNE,JANKOFF,19940215
1012,1000000001013,178,27D,UA36,20141105,KASHA,SAMANO,19710720
1013,1000000001014,210,16E,UA36,20141105,JERLENE,IANNONE,19900616
1014,1000000001015,279,23C,UA36,20130125,NATALYA,GAVEL,19911116
1015,1000000001016,161,14F,UA36,20130125,TARYN,PUIATTI,19991102
1016,1000000001017,118,4B,UA36,20130125,DELOIS,SPANGENBERG,19980527
1017,1000000001018,277,10B,UA36,20130125,TOD,HEINDL,19740912
1018,1000000001019,105,1D,UA36,20130125,PATRICIA,CLAUSE,19800901
1019,1000000001020,136,3D,UA36,20130125,JOVITA,PONTREMOLI,19730519
1020,1000000001021,245,23B,BA182,20131003,GARLAND,ALMOS,19811108
1021,1000000001022,115,23A,BA182,20131003,CHERRY,SHIRAKAWA,19780108
1022,1000000001023,163,8E,BA182,20131003,MAURICIO,TUOMALA,19871212
1023,1000000001024,177,23C,BA182,20131003,JOESPH,HOSFELD,19850628
1024,1000000001025,279,9B,BA182,20131003,YUKO,SPRIGGLE,19991003
1025,1000000001026,164,16D,BA182,20131003,MATT,SAMPSEL,19750814
1026,1000000001027,289,13A,BA182,20131003,ADOLFO,RADOSLOVICH,20001210
1027,1000000001028,265,4D,BA182,20131003,JONATHON,FULVIO,19811119
1028,1000000001029,246,27A,BA182,20140916,ANGELES,VANSTEENBERG,19820528
1029,1000000001030,109,16F,BA182,20140916,CLIFFORD,BENKO,19840316
1030,1000000001031,186,12C,BA182,20140916,ROSINA,HEISDORFFER,19960910
1031,1000000001032,185,28C,BA182,20140916,ELDA,HERRUD,19971218
1032,1000000001033,234,6F,BA182,20140916,SHERYLL,TEMBY,19920318
1033,1000000001034,188,9F,BA183,20140111,ALETHEA,SUMLER,19761006
1034,1000000001035,215,17D,BA183,20140111,MAURICIO,TUOMALA,19871212
1035,1000000001036,289,3B,BA183,20140111,MACIE,BESENDORFER,19780219
1036,1000000001037,130,20B,BA183,20140111,NATHAN,SWEHLA,19771119
1037,1000000001038,186,30A,BA183,20140111,CLEMENTE,VENTRE,19790710
1038,1000000001039,297,24E,BA183,20140111,MICHALE,QUERCIA,19921003
1039,1000000001040,139,12A,BA183,20140111,CHAS,PRADER,19700608
1040,1000000001041,120,26F,BA183,20140111,OTELIA,GLOVER,19860714
1041,1000000001042,151,2A,BA183,20140111,ARDEN,HESSMAN,19730106
1042,1000000001043,202,21F,BA183,20140111,CHESTER,LISHMAN,19890804
1043,1000000001044,271,19E,BA183,20140605,CHESTER,LISHMAN,19890804
1044,1000000001045,146,17D,BA183,20140605,PHYLICIA,URSIAK,19711022
1045,1000000001046,127,6D,BA183,20140605,RAMIRO,BOLINE,19800819
1046,1000000001047,127,9A,BA183,20140605,WERNER,ILLUZZI,19830228
1047,1000000001048,173,4E,BA183,20140605,JACOB,SUMSTAD,19900913
1048,1000000001049,294,7B,DL403,20130718,CARMON,LOGES,19810706
1049,1000000001050,236,19A,DL403,20130718,MERRY,HENSLER,19990606
1050,1000000001051,232,27A,DL403,20130718,VERLENE,DEWATER,19790621
1051,1000000001052,146,24F,DL403,20130718,ULA,FONEY,19970626
1052,1000000001053,173,11F,DL403,20130718,EFREN,NEASON,19770426
1053,1000000001054,130,14E,DL403,20130718,KATINA,DIGIULIO,19911109
1054,1000000001055,183,7A,DL403,20141228,LELAND,EFLIN,19951127
1055,1000000001056,247,28D,DL403,20141228,MONTE,PALLAFOR,19941118
1056,1000000001057,293,2F,DL403,20141228,IVONNE,JANKOFF,19940215
1057,1000000001058,132,7B,DL403,20141228,KIMBRA,SPERRY,19981223
1058,1000000001059,107,26B,DL403,20141228,ASUNCION,WEYMAN,19720927
1059,1000000001060,231,5F,DL3,20130615,MIRNA,BELLANTUONO,19941017
1060,1000000001061,260,21E,DL3,20130615,XOCHITL,MOOREHOUSE,19760207
1061,1000000001062,171,24B,DL3,20130615,GARLAND,ALMOS,19811108
1062,1000000001063,177,8B,DL3,20130615,RAFAEL,BRODSKY,19721026
1063,1000000001064,105,7D,DL3,20130615,CHARLEY,BUZZARD,19860313
1064,1000000001065,168,5B,DL3,20130615,LYNWOOD,POLLACK,19720521
1065,1000000001066,218,4B,DL3,20130105,THEO,FELICIANO,19900402
1066,1000000001067,246,7A,DL3,20130105,HENRY,MALOVICH,19790805
1067,1000000001068,252,24A,DL3,20130105,LISHA,SMYTHE,19750226
1068,1000000001069,147,30A,DL3,20130105,MAURO,HARAJLY,19810704
1069,1000000001070,282,22E,DL3,20130105,TERRESA,SIU,19930623
1070,1000000001071,101,17D,DL3,20130105,TEDDY,BERGET,19830625
1071,1000000001072,254,23A,DL3,20130105,EMIL,RANALLO,19910116
1072,1000000001073,273,7F,DL3,20130105,NATALYA,GAVEL,19911116
1073,1000000001074,248,3D,DL3,20130105,TARYN,PUIATTI,19991102
1074,1000000001075,281,12E,AA104,20141005,CLEO,KUBILUS,19770816
1075,1000000001076,106,14D,AA104,20141005,CORI,MENNING,19950601
1076,1000000001077,263,28C,AA104,20141005,MICHEL,THROCKMORTON,19830123
1077,1000000001078,242,16C,AA104,20141005,JUAN,BENCK,19710818
1078,1000000001079,158,8A,AA104,20141005,TEDDY,BERGET,19830625
1079,1000000001080,237,1E,AA104,20141005,ALISIA,MARCIA,19980507
1080,1000000001081,151,13E,AA104,20141005,JEANNINE,SIAPERAS,19740328
1081,1000000001082,257,20F,AA104,20141005,CARMON,LOGES,19810706
1082,1000000001083,100,8C,AA104,20141005,RAFAEL,BRODSKY,19721026
1083,1000000001084,126,18F,AA104,20141005,DEANGELO,HYSQUIERDO,19970210
1084,1000000001085,182,19D,AA104,20141122,JONATHON,FULVIO,19811119
1085,1000000001086,257,6D,AA104,20141122,STUART,SCHARTE,19710807
1086,1000000001087,294,25D,AA104,20141122,EVELIN,MCCAGUE,19761025
1087,1000000001088,285,10D,AA104,20141122,SHONDA,MAGID,19950215
1088,1000000001089,261,12F,AA104,20141122,RAMIRO,BOLINE,19800819
1089,1000000001090,264,28A,AA104,20141122,TAWANNA,STIMSON,19720315
1090,1000000001091,197,22F,AA104,20141122,HAYDEN,RAKESTROW,19900517
1091,1000000001092,262,10B,AA104,20141122,ELENE,SPINDLER,19931106
1092,1000000001093,233,17F,AA105,20130408,JOVITA,PONTREMOLI,19730519
1093,1000000001094,155,10B,AA105,20130408,MYRLE,MISTRY,19900501
1094,1000000001095,209,3F,AA105,20130408,MAURO,HARAJLY,19810704
1095,1000000001096,270,29C,AA105,20130408,EZRA,BOULEY,19781227
1096,1000000001097,284,29A,AA105,20130408,CLEMENTE,VENTRE,19790710
1097,1000000001098,167,12E,AA105,20130408,HILDEGARD,MOTTEN,19941124
1098,1000000001099,207,19C,AA105,20130408,STACY,CIAMPANELLA,19760203
1099,1000000001100,266,15E,AA105,20130408,ALISIA,MARCIA,19980507
1100,1000000001101,101,11A,AA105,20130407,SAUL,FRANCO,19800506
1101,1000000001102,289,27C,AA105,20130407,DARREN,EVJEN,19780323
1102,1000000001103,264,3B,AA105,20130407,ELEONORE,WEIDA,19821014
1103,1000000001104,200,4F,AA105,20130407,RAMIRO,BOLINE,19800819
1104,1000000001105,182,17A,AA105,20130407,JONATHON,FULVIO,19811119
1105,1000000001106,102,14A,AA105,20130407,SHELDON,SECKINGTON,19841223
1106,1000000001107,128,30C,AA105,20130407,JON,TERBUSH,19710117
1107,1000000001108,192,11B,AA105,20130407,CHERRYL,LANDOWSKI,19920622
1108,1000000001109,212,26F,AA105,20130407,STUART,SCHARTE,19710807
1109,1000000001110,282,29D,VS10,20140217,TREENA,DICKENSHEETS,19760219
1110,1000000001111,154,25D,VS10,20140217,JOVITA,PONTREMOLI,19730519
1111,1000000001112,147,2F,VS10,20140217,JON,TERBUSH,19710117
1112,1000000001113,221,14B,VS10,20140217,LEMUEL,NOWOSADKO,19850310
1113,1000000001114,171,1F,VS10,20140217,TRUDI,TALLARICO,19780424
1114,1000000001115,261,19C,VS10,20140217,TARYN,PUIATTI,19991102
1115,1000000001116,251,26B,VS10,20140217,SANTIAGO,GUTTIEREZ,20000707
1116,1000000001117,252,30E,VS10,20140217,SHONDA,MAGID,19950215
1117,1000000001118,281,11C,VS10,20140217,FATIMAH,NOKE,19880509
1118,1000000001119,243,24E,VS10,20141120,ELDA,HERRUD,19971218
1119,1000000001120,296,3C,VS10,20141120,STEVE,GLAVE,19860201
1120,1000000001121,224,4E,VS10,20141120,TRACEY,GULLIKSEN,19970702
1121,1000000001122,120,28F,VS10,20141120,GLEN,CAJIGAS,19761128
1122,1000000001123,280,10A,VS10,20141120,NICOLA,HITCHENS,19741011
1123,1000000001124,109,30B,VS10,20141120,LARRY,ROMANELLI,19880117
1124,1000000001125,254,2A,VS10,20141120,PEARLINE,BARDNEY,19880616
1125,1000000001126,262,9D,VS10,20141120,HARRY,BENNETH,19870607
1126,1000000001127,279,21B,VS10,20141120,TAWANNA,STIMSON,19720315
1127,1000000001128,143,23B,VS9,20131128,JOANN,MLYNEK,19950521
1128,1000000001129,143,25B,VS9,20131128,CHESTER,LISHMAN,19890804
1129,1000000001130,255,20B,VS9,20131128,ETSUKO,LASENBY,19780319
1130,1000000001131,162,10D,VS9,20131128,TEDDY,BERGET,19830625
1131,1000000001132,112,15A,VS9,20131128,RORY,BATTENFIELD,19760724
1132,1000000001133,147,15D,VS9,20131128,SHERYLL,TEMBY,19920318
1133,1000000001134,253,25D,VS9,20130515,HILDEGARD,MOTTEN,19941124
1134,1000000001135,298,7A,VS9,20130515,NATALYA,GAVEL,19911116
1135,1000000001136,190,16E,VS9,20130515,NICOLE,MAINELLO,19730701
1136,1000000001137,271,7F,VS9,20130515,CHARLENE,CARPENITO,19860501
1137,1000000001138,267,26E,VS9,20130515,ROSINA,HEISDORFFER,19960910
1138,1000000001139,157,4B,UA839,20140204,LAKENYA,KOLBY,19760627
1139,1000000001140,278,6A,UA839,20140204,KRYSTEN,TOBIN,19711008
1140,1000000001141,289,14F,UA839,20140204,JALISA,BOUTILIER,20001221
1141,1000000001142,166,6D,UA839,20140204,STACY,CIAMPANELLA,19760203
1142,1000000001143,296,18C,UA839,20140204,GLEN,CAJIGAS,19761128
1143,1000000001144,146,25E,UA839,20140811,LELAND,EFLIN,19951127
1144,1000000001145,123,22A,UA839,20140811,EVELIN,MCCAGUE,19761025
1145,1000000001146,238,18F,UA839,20140811,JUAN,BENCK,19710818
1146,1000000001147,279,27F,UA839,20140811,ARDEN,HESSMAN,19730106
1147,1000000001148,206,19C,UA839,20140811,FREDRICKA,GROSMAN,19730217
1148,1000000001149,115,9D,UA839,20140811,ETSUKO,LASENBY,19780319
1149,1000000001150,291,15B,UA839,20140811,ARLEN,WIGGENS,19790519
1150,1000000001151,100,21F,UA839,20140811,WENDELL,KIEKE,19900819
1151,1000000001152,154,14B,UA839,20140811,HELAINE,CAVIN,19760520
1152,1000000001153,197,14F,UA839,20140811,ADOLFO,RADOSLOVICH,20001210
1153,1000000001154,190,4C,UA840,20131223,TYREE,KIEL,19780524
1154,1000000001155,285,12E,UA840,20131223,HELAINE,CAVIN,19760520
1155,1000000001156,252,30C,UA840,20131223,GLEN,CAJIGAS,19761128
1156,1000000001157,221,1D,UA840,20131223,ETSUKO,LASENBY,19780319
1157,1000000001158,147,3D,UA840,20131223,NANCY,SCHLESSELMAN,19960715
1158,1000000001159,252,21A,UA840,20131223,JALISA,BOUTILIER,20001221
1159,1000000001160,256,19E,UA840,20140716,ALETHEA,SUMLER,19761006
1160,1000000001161,226,13E,UA840,20140716,MACIE,BESENDORFER,19780219
1161,1000000001162,270,22D,UA840,20140716,WERNER,ILLUZZI,19830228
1162,1000000001163,284,12E,UA840,20140716,LYNWOOD,POLLACK,19720521
1163,1000000001164,266,6C,UA840,20140716,LARRY,ROMANELLI,19880117
1164,1000000001165,164,30E,UA840,20140716,ROSENDO,DOBROWOLSKI,19940321
1165,1000000001166,284,14A,QF18,20130620,CHAS,JENKENS,19810810
1166,1000000001167,236,23D,QF18,20130620,CLIFFORD,BENKO,19840316
1167,1000000001168,211,26D,QF18,20130620,WILEY,GALENTINE,19900528
1168,1000000001169,161,10E,QF18,20130620,MARCOS,SCONCE,19890522
1169,1000000001170,223,12E,QF18,20130620,LESSIE,BEAKLEY,19910908
1170,1000000001171,244,24F,QF18,20130620,RAMIRO,BOLINE,19800819
1171,1000000001172,115,24A,QF18,20130620,JESUS,DOMINICI,19800808
1172,1000000001173,232,25E,QF18,20130620,ELEONORE,WEIDA,19821014
1173,1000000001174,110,4A,QF18,20141213,TAWANNA,STIMSON,19720315
1174,1000000001175,268,4D,QF18,20141213,RAMIRO,BOLINE,19800819
1175,1000000001176,127,13B,QF18,20141213,STEPHAINE,AGUAS,19700202
1176,1000000001177,234,15F,QF18,20141213,HELAINE,CAVIN,19760520
1177,1000000001178,111,24B,QF18,20141213,GLEN,CAJIGAS,19761128
1178,1000000001179,228,18A,QF18,20141213,CHET,WALTERMAN,19730306
1179,1000000001180,178,12B,QF17,20130622,GRANT,ZIMBA,19981107
1180,1000000001181,185,15F,QF17,20130622,VERLENE,DEWATER,19790621
1181,1000000001182,108,9D,QF17,20130622,KATINA,DIGIULIO,19911109
1182,1000000001183,149,17D,QF17,20130622,ALISIA,MARCIA,19980507
1183,1000000001184,200,9B,QF17,20130622,FATIMAH,NOKE,19880509
1184,1000000001185,122,10D,QF17,20130622,ARLEN,WIGGENS,19790519
1185,1000000001186,229,22D,QF17,20140828,ORVILLE,BERNI,19841006
1186,1000000001187,216,27F,QF17,20140828,CORI,MENNING,19950601
1187,1000000001188,225,8D,QF17,20140828,ASUNCION,WEYMAN,19720927
1188,1000000001189,231,20D,QF17,20140828,MERRY,HENSLER,19990606
1189,1000000001190,300,24F,QF17,20140828,MARIA,HARTKOPF,19800310
1190,1000000001191,275,2C,QF17,20140828,JAYSON,TURYBURY,19920811
1191,1000000001192,292,29A,QF17,20140828,GARRETT,MILLERBERND,19740725
1192,1000000001193,263,7E,QF17,20140828,MONTE,PALLAFOR,19941118
1193,1000000001194,252,27B,NZ124,20140309,WILEY,ANCEL,19910924
1194,1000000001195,213,2C,NZ124,20140309,SANTIAGO,GUTTIEREZ,20000707
1195,1000000001196,218,18D,NZ124,20140309,TERINA,LEFLORE,19830626
1196,1000000001197,252,8F,NZ124,20140309,SAMMIE,WHALLEY,19700125
1197,1000000001198,292,25C,NZ124,20140309,CHAS,JENKENS,19810810
1198,1000000001199,179,18F,NZ124,20140309,JOVITA,PONTREMOLI,19730519
1199,1000000001200,132,28F,NZ124,20131205,CLEORA,MULRAIN,19780419
1200,1000000001201,246,14B,NZ124,20131205,STEVE,GLAVE,19860201
1201,1000000001202,263,22C,NZ124,20131205,ROSINA,HEISDORFFER,19960910
1202,1000000001203,130,9E,NZ124,20131205,CLEMENTE,VENTRE,19790710
1203,1000000001204,201,11F,NZ124,20131205,JOANN,MLYNEK,19950521
1204,1000000001205,247,18C,NZ124,20131205,MYRLE,MISTRY,19900501
1205,1000000001206,139,10B,NZ124,20131205,LAKENYA,KOLBY,19760627
1206,1000000001207,161,17C,NZ123,20141201,JERLENE,IANNONE,19900616
1207,1000000001208,115,16F,NZ123,20141201,KARENA,PROBY,19730413
1208,1000000001209,160,19B,NZ123,20141201,TY,FEUCHT,19750818
1209,1000000001210,141,17E,NZ123,20141201,HOLLIS,LAGERMAN,19740417
1210,1000000001211,178,29B,NZ123,20141201,JORDON,KINCHEN,19740201
1211,1000000001212,220,22F,NZ123,20141201,RAMIRO,BOLINE,19800819
1212,1000000001213,115,29A,NZ123,20141208,MAURICIO,TUOMALA,19871212
1213,1000000001214,241,6C,NZ123,20141208,MARC,LEVAY,19760313
1214,1000000001215,298,11C,NZ123,20141208,TRACEY,GULLIKSEN,19970702
1215,1000000001216,277,18C,NZ123,20141208,JOSPEH,SOR,19920120
1216,1000000001217,235,26E,NZ123,20141208,SHAWANDA,VANALSTYNE,19750512
1217,1000000001218,208,10D,NZ123,20141208,LAKENYA,KOLBY,19760627
1218,1000000001219,280,2A,NZ123,20141208,HAYDEN,RAKESTROW,19900517
1219,1000000001220,300,9B,NZ123,20141208,DAN,ROBARDS,19700612
1220,1000000001221,285,15D,TH602,20130322,EMILIO,BALLATO,19730227
1221,1000000001222,158,19F,TH602,20130322,STEVE,GLAVE,19860201
1222,1000000001223,201,8E,TH602,20130322,HORACE,MARRS,19941016
1223,1000000001224,261,9F,TH602,20130322,SHELDON,SECKINGTON,19841223
1224,1000000001225,275,22B,TH602,20130322,HONG,FOISTER,19921115
1225,1000000001226,248,12D,TH602,20130322,MITCHELL,BOSWORTH,19981013
1226,1000000001227,220,20B,TH602,20130322,KIM,SAVIOLA,19800316
1227,1000000001228,231,1A,TH602,20130611,NATHAN,SWEHLA,19771119
1228,1000000001229,228,11E,TH602,20130611,ELVIN,CURINGTON,19880403
1229,1000000001230,111,26D,TH602,20130611,XOCHITL,MOOREHOUSE,19760207
1230,1000000001231,121,20D,TH602,20130611,KIMBRA,SPERRY,19981223
1231,1000000001232,136,29E,TH602,20130611,JORDON,KINCHEN,19740201
1232,1000000001233,188,13E,TH602,20130611,IVONNE,ANTONELLO,19961005
1233,1000000001234,297,9C,TH602,20130611,JODY,DAZEY,19970722
1234,1000000001235,229,3A,TH602,20130611,NICOLA,HITCHENS,19741011
1235,1000000001236,124,27F,TH602,20130611,BUFFY,DORION,19971112
1236,1000000001237,297,12D,TH601,20130220,MICHALE,QUERCIA,19921003
1237,1000000001238,292,24B,TH601,20130220,WALTER,PROTANO,19920225
1238,1000000001239,113,24C,TH601,20130220,HENRY,MALOVICH,19790805
1239,1000000001240,255,11D,TH601,20130220,OTELIA,GLOVER,19860714
1240,1000000001241,158,1F,TH601,20130220,SAUL,FRANCO,19800506
1241,1000000001242,196,6D,TH601,20130220,HONG,FOISTER,19921115
1242,1000000001243,152,19A,TH601,20140528,ALVA,QUARESMA,19781027
1243,1000000001244,104,6C,TH601,20140528,IVONNE,ANTONELLO,19961005
1244,1000000001245,165,24F,TH601,20140528,SHELDON,SECKINGTON,19841223
1245,1000000001246,217,20E,TH601,20140528,OLA,RETZLER,19841015
1246,1000000001247,112,18D,TH601,20140528,LAUREL,TREES,19960508
1247,1000000001248,178,3E,TH601,20140528,ELVIN,CURINGTON,19880403
1248,1000000001249,205,19F,CX712,20141008,YUKO,SPRIGGLE,19991003
1249,1000000001250,224,4A,CX712,20141008,EVELIN,MCCAGUE,19761025
1250,1000000001251,162,11E,CX712,20141008,ASUNCION,WEYMAN,19720927
1251,1000000001252,170,19C,CX712,20141008,STEPHAINE,AGUAS,19700202
1252,1000000001253,126,2E,CX712,20141008,ELENE,SPINDLER,19931106
1253,1000000001254,159,14F,CX712,20141008,TEDDY,BERGET,19830625
1254,1000000001255,251,13D,CX712,20141008,BRENTON,WEISENSTEIN,19800313
1255,1000000001256,125,1C,CX712,20131128,ARDEN,HESSMAN,19730106
1256,1000000001257,274,30A,CX712,20131128,DEANGELO,HYSQUIERDO,19970210
1257,1000000001258,264,4B,CX712,20131128,NATHAN,SWEHLA,19771119
1258,1000000001259,164,8D,CX712,20131128,JEANNINE,SIAPERAS,19740328
1259,1000000001260,140,4F,CX712,20131128,OTELIA,GLOVER,19860714
1260,1000000001261,149,30B,CX712,20131128,SARA,LYNCHARD,19800905
1261,1000000001262,181,24A,CX713,20140222,OPAL,STRYJEWSKI,20000716
1262,1000000001263,121,30C,CX713,20140222,VERLENE,DEWATER,19790621
1263,1000000001264,211,11B,CX713,20140222,ARNOLDO,GEFFKEN,19750716
1264,1000000001265,203,17F,CX713,20140222,HONG,FOISTER,19921115
1265,1000000001266,217,10B,CX713,20140222,ROSAMOND,SUROWKA,19950509
1266,1000000001267,141,28C,CX713,20140222,HENRY,ELLIOTT,19920318
1267,1000000001268,246,14E,CX713,20140222,MAURO,HARAJLY,19810704
1268,1000000001269,104,30D,CX713,20140222,LARRY,ROMANELLI,19880117
1269,1000000001270,236,9A,CX713,20140222,RASHAD,THAYN,19860420
1270,1000000001271,142,10E,CX713,20140222,BORIS,HALBRITTER,19810412
1271,1000000001272,120,7B,CX713,20140112,JESUS,DOMINICI,19800808
1272,1000000001273,227,24C,CX713,20140112,DAN,ROBARDS,19700612
1273,1000000001274,300,28A,CX713,20140112,ARLEN,WIGGENS,19790519
1274,1000000001275,266,30E,CX713,20140112,NATALYA,GAVEL,19911116
1275,1000000001276,137,11F,CX713,20140112,JODY,DAZEY,19970722
1276,1000000001277,217,17E,CX713,20140112,WILEY,GALENTINE,19900528
1277,1000000001278,257,1E,CX713,20140112,EMIL,RANALLO,19910116
1278,1000000001279,276,28B,CX713,20140112,GENE,MELLING,19820702
1279,1000000001280,160,27C,CX713,20140112,NICOLA,HITCHENS,19741011
1280,1000000001281,239,16D,LX22,20141222,LESSIE,BEAKLEY,19910908
1281,1000000001282,222,20A,LX22,20141222,CHANTELL,MCCLURKAN,19801012
1282,1000000001283,231,13D,LX22,20141222,MYRLE,MISTRY,19900501
1283,1000000001284,275,14C,LX22,20141222,TREENA,DICKENSHEETS,19760219
1284,1000000001285,149,4F,LX22,20141222,ELENE,SPINDLER,19931106
1285,1000000001286,269,21D,LX22,20141222,HILDEGARD,MOTTEN,19941124
1286,1000000001287,195,10E,LX22,20141222,JONATHON,FULVIO,19811119
1287,1000000001288,110,27B,LX22,20141222,CHESTER,LISHMAN,19890804
1288,1000000001289,262,6B,LX22,20140218,DWAIN,MIRABILE,19801013
1289,1000000001290,281,18E,LX22,20140218,EVELIN,MCCAGUE,19761025
1290,1000000001291,258,18F,LX22,20140218,ASUNCION,WEYMAN,19720927
1291,1000000001292,290,21B,LX22,20140218,CHERRYL,LANDOWSKI,19920622
1292,1000000001293,285,12B,LX22,20140218,ELENE,SPINDLER,19931106
1293,1000000001294,203,4A,LX22,20140218,ELEONORE,WEIDA,19821014
1294,1000000001295,288,27E,LX22,20140218,TRACEY,GULLIKSEN,19970702
1295,1000000001296,100,30B,LX23,20140113,ASUNCION,WEYMAN,19720927
1296,1000000001297,155,18C,LX23,20140113,HILDEGARD,MOTTEN,19941124
1297,1000000001298,146,4F,LX23,20140113,HOLLIS,LAGERMAN,19740417
1298,1000000001299,220,20E,LX23,20140113,MERRY,HENSLER,19990606
1299,1000000001300,155,8F,LX23,20140113,HAYDEN,RAKESTROW,19900517
1300,1000000001301,239,21D,LX23,20140113,ALISIA,MARCIA,19980507
1301,1000000001302,212,23E,LX23,20140113,STUART,SCHARTE,19710807
1302,1000000001303,261,11F,LX23,20140113,JONATHON,FULVIO,19811119
1303,1000000001304,187,7F,LX23,20140113,KATINA,DIGIULIO,19911109
1304,1000000001305,130,23C,LX23,20140409,STEVE,GLAVE,19860201
1305,1000000001306,297,3F,LX23,20140409,WILEY,GALENTINE,19900528
1306,1000000001307,105,1B,LX23,20140409,TERRESA,SIU,19930623
1307,1000000001308,251,16E,LX23,20140409,ALVA,QUARESMA,19781027
1308,1000000001309,212,22D,LX23,20140409,MICHALE,QUERCIA,19921003
1309,1000000001310,179,15B,IB3255,20140420,JUAN,BENCK,19710818
1310,1000000001311,200,5C,IB3255,20140420,MAURO,HARAJLY,19810704
1311,1000000001312,195,14E,IB3255,20140420,HELAINE,CAVIN,19760520
1312,1000000001313,199,20D,IB3255,20140420,BRENTON,WEISENSTEIN,19800313
1313,1000000001314,231,2C,IB3255,20140420,WENDELL,KIEKE,19900819
1314,1000000001315,263,26B,IB3255,20140420,CEDRIC,PARIZEK,19891020
1315,1000000001316,203,6F,IB3255,20140428,MERRY,HENSLER,19990606
1316,1000000001317,102,14E,IB3255,20140428,TRUDI,TALLARICO,19780424
1317,1000000001318,152,28F,IB3255,20140428,IVONNE,ANTONELLO,19961005
1318,1000000001319,219,24C,IB3255,20140428,DOROTHA,SOLOMON,19931001
1319,1000000001320,235,3E,IB3255,20140428,MATT,SAMPSEL,19750814
1320,1000000001321,151,17E,IB3255,20140428,CLEO,KUBILUS,19770816
1321,1000000001322,121,14E,IB3254,20130913,OPAL,STRYJEWSKI,20000716
1322,1000000001323,297,26C,IB3254,20130913,KARENA,PROBY,19730413
1323,1000000001324,226,27B,IB3254,20130913,STERLING,NEWENLE,19900123
1324,1000000001325,239,18F,IB3254,20130913,PHYLICIA,URSIAK,19711022
1325,1000000001326,161,30A,IB3254,20130913,RORY,BATTENFIELD,19760724
1326,1000000001327,119,8B,IB3254,20140813,RAMIRO,BOLINE,19800819
1327,1000000001328,191,2A,IB3254,20140813,WILMA,VELEGA,19931217
1328,1000000001329,126,5B,IB3254,20140813,DELOIS,SPANGENBERG,19980527
1329,1000000001330,154,18D,IB3254,20140813,MARCELA,STANPHILL,19901026
1330,1000000001331,109,22C,IB3254,20140813,KRYSTEN,TOBIN,19711008
1331,1000000001332,165,10D,UX1062,20140223,JORDON,KINCHEN,19740201
1332,1000000001333,135,27A,UX1062,20140223,JEANETTA,EHMANN,19980402
1333,1000000001334,108,19D,UX1062,20140223,VI,HAZELIP,19880828
1334,1000000001335,124,25E,UX1062,20140223,CHANTELL,MCCLURKAN,19801012
1335,1000000001336,257,17C,UX1062,20140223,JOVITA,PONTREMOLI,19730519
1336,1000000001337,280,29F,UX1062,20140223,MARCELA,STANPHILL,19901026
1337,1000000001338,293,13B,UX1062,20140223,TAWANNA,STIMSON,19720315
1338,1000000001339,102,12E,UX1062,20130327,PATRICIA,CLAUSE,19800901
1339,1000000001340,257,5D,UX1062,20130327,KRYSTEN,TOBIN,19711008
1340,1000000001341,235,21B,UX1062,20130327,HONG,FOISTER,19921115
1341,1000000001342,226,4C,UX1062,20130327,KATINA,DIGIULIO,19911109
1342,1000000001343,101,28C,UX1062,20130327,RORY,BATTENFIELD,19760724
1343,1000000001344,179,13E,UX1062,20130327,KIM,SAVIOLA,19800316
1344,1000000001345,147,22E,UX1062,20130327,NATALYA,GAVEL,19911116
1345,1000000001346,194,16D,UX1061,20140507,WILEY,ANCEL,19910924
1346,1000000001347,231,14D,UX1061,20140507,KAILA,PENWELL,19750218
1347,1000000001348,211,6C,UX1061,20140507,EVON,NAJARRO,19940312
1348,1000000001349,211,23E,UX1061,20140507,JOANN,MLYNEK,19950521
1349,1000000001350,292,21E,UX1061,20140507,DEANGELO,HYSQUIERDO,19970210
1350,1000000001351,261,7A,UX1061,20130527,JEFFEREY,PENN,19960911
1351,1000000001352,149,24F,UX1061,20130527,FLORENTINA,LILLIAN,19830701
1352,1000000001353,270,26A,UX1061,20130527,ADRIEN,OATMAN,19801008
1353,1000000001354,120,1B,UX1061,20130527,HENRY,MALOVICH,19790805
1354,1000000001355,254,9D,UX1061,20130527,ALFONSO,ATTRIDGE,19990626
1355,1000000001356,115,27A,UA148,20131219,KIM,SAVIOLA,19800316
1356,1000000001357,243,5D,UA148,20131219,JOEANN,NIEBEL,19790926
1357,1000000001358,179,5E,UA148,20131219,TRACEY,GULLIKSEN,19970702
1358,1000000001359,151,23E,UA148,20131219,CHESTER,LISHMAN,19890804
1359,1000000001360,119,5F,UA148,20131219,JORDON,KINCHEN,19740201
1360,1000000001361,118,29A,UA148,20131219,MACIE,BESENDORFER,19780219
1361,1000000001362,256,8D,UA148,20131219,CLEORA,MULRAIN,19780419
1362,1000000001363,247,24A,UA148,20131219,HILDEGARD,MOTTEN,19941124
1363,1000000001364,200,6E,UA148,20141115,TEDDY,BERGET,19830625
1364,1000000001365,118,29A,UA148,20141115,JEANNINE,SIAPERAS,19740328
1365,1000000001366,133,26B,UA148,20141115,SANTIAGO,GUTTIEREZ,20000707
1366,1000000001367,298,27B,UA148,20141115,CHAS,JENKENS,19810810
1367,1000000001368,258,17B,UA148,20141115,WILEY,GALENTINE,19900528
1368,1000000001369,261,24E,UA148,20141115,MACIE,BESENDORFER,19780219
1369,1000000001370,257,29E,UA148,20141115,JOSPEH,SOR,19920120
1370,1000000001371,125,18B,UA148,20141115,MAURICIO,TUOMALA,19871212
1371,1000000001372,174,9C,UA148,20141115,DELOIS,SPANGENBERG,19980527
1372,1000000001373,171,23B,UA149,20141108,KARENA,PROBY,19730413
1373,1000000001374,141,18C,UA149,20141108,JOSPEH,SOR,19920120
1374,1000000001375,299,25A,UA149,20141108,PAIGE,MCKILLIPS,19870319
1375,1000000001376,140,30E,UA149,20141108,GERALDO,ACHENBACH,19960104
1376,1000000001377,258,28E,UA149,20141108,KIM,KOEPPE,19980517
1377,1000000001378,278,12B,UA149,20141108,GRANT,ZIMBA,19981107
1378,1000000001379,200,2C,UA149,20141108,DEANGELO,HYSQUIERDO,19970210
1379,1000000001380,120,12E,UA149,20140217,WERNER,ILLUZZI,19830228
1380,1000000001381,117,17C,UA149,20140217,HOLLIS,CAUTHON,19901104
1381,1000000001382,248,3F,UA149,20140217,SARA,LYNCHARD,19800905
1382,1000000001383,103,16B,UA149,20140217,OLA,RETZLER,19841015
1383,1000000001384,191,2C,UA149,20140217,INDIRA,DROCK,19841002
1384,1000000001385,237,24B,UA149,20140217,ARDEN,HESSMAN,19730106
1385,1000000001386,190,23B,UA149,20140217,SHONDA,MAGID,19950215
